name_korean,name_english,pairing
"1881 나파, 카베르네 소비뇽","1881 Napa, Cabernet Sauvignon",양갈비
"1881 나파, 카베르네 소비뇽","1881 Napa, Cabernet Sauvignon",치즈
아하리,Ahari,파스타
"알프레드 그라티엔, 클래식 브뤼","Alfred Gratien, Classic Brut",전채요리
"알프레드 그라티엔, 퀴베 파라다이스 브뤼","Alfred Gratien, Cuvee Paradis Brut",전채요리
"알프레드 그라티엔, 밀레짐 브뤼","Alfred Gratien, Millesime Brut",농어
"알프레드 그라티엔, 밀레짐 브뤼","Alfred Gratien, Millesime Brut",송아지
"알프레드 그라티엔, 밀레짐 브뤼","Alfred Gratien, Millesime Brut",복숭아
"알프레드 그라티엔, 밀레짐 브뤼","Alfred Gratien, Millesime Brut",채소
"알레그리니, 팔라쪼 델라 토레","Allegrini, Palazzo Della Torre",리조또
"알레그리니, 팔라쪼 델라 토레","Allegrini, Palazzo Della Torre",자두
"알레그리니, 팔라쪼 델라 토레","Allegrini, Palazzo Della Torre",육류요리
"알레그리니, 팔라쪼 델라 토레","Allegrini, Palazzo Della Torre",양고기
"알타 비스타, 아템포랄 블렌드","Alta Vista, Atemporal Blend",치즈
"알타 비스타, 아템포랄 블렌드","Alta Vista, Atemporal Blend",양고기
"알타 비스타, 싱글 빈야드 테미스","Alta Vista, Single Vineyard Temis",자두
"알타 비스타, 싱글 빈야드 테미스","Alta Vista, Single Vineyard Temis",치즈
알루아도 샤도네이,Aluado Chardonnay,식전주
"알바로 팔라시오스, 페탈로스","Alvaro Palacios, Petalos",그릴요리
"앙드레 끌루에, 브뤼 나뛰르 실버","Andre Clouet, Brut Nature Silver",치즈
"앤드류 윌, 샴푸 빈야드","Andrew Will, Champoux Vineyard",수육
"앤드류 윌, 소렐라 레드 와인","Andrew will, Sorella Red Wine",양고기
"앤드류 윌, 투 블론즈 빈야드 레드 와인","Andrew Will, Two Blondes Vineyard Red Wine",까망베르
"앤드류 윌, 투 블론즈 빈야드 레드 와인","Andrew Will, Two Blondes Vineyard Red Wine",꽁떼
"앤드류 윌, 투 블론즈 빈야드 레드 와인","Andrew Will, Two Blondes Vineyard Red Wine",아시아요리
"앤드류 윌, 투 블론즈 빈야드 레드 와인","Andrew Will, Two Blondes Vineyard Red Wine",갈비찜
"앤드류 윌, 투 블론즈 빈야드 레드 와인","Andrew Will, Two Blondes Vineyard Red Wine",쇠고기
"앤드류 윌, 투 블론즈 빈야드 레드 와인","Andrew Will, Two Blondes Vineyard Red Wine",바비큐
"앤드류 윌, 투 블론즈 빈야드 레드 와인","Andrew Will, Two Blondes Vineyard Red Wine",야채
"앤드류 윌, 투 블론즈 빈야드 레드 와인","Andrew Will, Two Blondes Vineyard Red Wine",건육
"앤드류 윌, 투 블론즈 빈야드 레드 와인","Andrew Will, Two Blondes Vineyard Red Wine",불고기
"앤드류 윌, 투 블론즈 빈야드 레드 와인","Andrew Will, Two Blondes Vineyard Red Wine",파스타
"앤드류 윌, 투 블론즈 빈야드 레드 와인","Andrew Will, Two Blondes Vineyard Red Wine",치즈
"앤드류 윌, 투 블론즈 빈야드 레드 와인","Andrew Will, Two Blondes Vineyard Red Wine",피자
"앤드류 윌, 투 블론즈 빈야드 레드 와인","Andrew Will, Two Blondes Vineyard Red Wine",스테이크
"앤드류 윌, 투 블론즈 빈야드 레드 와인","Andrew Will, Two Blondes Vineyard Red Wine",양갈비
앙또냉 귀용 볼네 프리미에 크뤼 끌로 데 셴느,Antonin Guyon Volnay Premier Cru Clos des Chenes,치즈
"아지엔다 아그리콜라 베라, 바르바레스코","Azienda Argicola Bera, Barbaresco",붉은육류
"아지엔다 아그리콜라 베라, 바르바레스코","Azienda Argicola Bera, Barbaresco",치즈
"아지엔다 아그리콜라 베라, 바르바레스코","Azienda Argicola Bera, Barbaresco",치킨
"아지엔다 아그리콜라 베라, 바르바레스코","Azienda Argicola Bera, Barbaresco",양갈비
"아소르스, 뷸카니코 블랑코","Azores, Vulcanico Branco",샐러드
"아소르스, 뷸카니코 블랑코","Azores, Vulcanico Branco",해산물
"아소르스, 뷸카니코 블랑코","Azores, Vulcanico Branco",생선구이
"바넷 빈야즈, 카버네 소비뇽","Barnett Vineyards, Cabernet Sauvignon",바비큐
"바넷 빈야즈, 카버네 소비뇽","Barnett Vineyards, Cabernet Sauvignon",야채
"바넷 빈야즈, 카버네 소비뇽","Barnett Vineyards, Cabernet Sauvignon",치즈
"바넷, 멀롯","Barnett Vineyards, Merlot",튀김
"바넷, 멀롯","Barnett Vineyards, Merlot",갈비찜
"바스 필립, 크라운 프린스 피노누아","Bass Phillip, Crown Prince Pinot Noir",치즈
"바스 필립, 크라운 프린스 피노누아","Bass Phillip, Crown Prince Pinot Noir",육류요리
"바스 필립, 크라운 프린스 피노누아","Bass Phillip, Crown Prince Pinot Noir",자두
"바스 필립, 에스테이트 샤르도네","Bass Phillip, Estate Chardonnay",복숭아
"바스 필립, 에스테이트 샤르도네","Bass Phillip, Estate Chardonnay",치즈
"바스 필립, 에스테이트 샤르도네","Bass Phillip, Estate Chardonnay",해산물
"바스 필립, 에스테이트 샤르도네","Bass Phillip, Estate Chardonnay",가금류
"바스 필립, 에스테이트 피노누아","Bass Phillip, Estate Pinot Noir",치즈
"바스 필립, 에스테이트 피노누아","Bass Phillip, Estate Pinot Noir",자두
"바스 필립, 프리미엄 피노 누아","Bass Phillip, Premium Pinot Noir",치즈
"바스 필립, 리저브 피노 누아","Bass Phillip, Reserve Pinot Noir",버섯
"바스 필립, 리저브 피노 누아","Bass Phillip, Reserve Pinot Noir",치즈
"바스 필립, 리저브 피노 누아","Bass Phillip, Reserve Pinot Noir",파스타
"베드락, 헤리티지 레드와인","Bedrock, Heritage Red Wine",양갈비
"베드락, 헤리티지 레드와인","Bedrock, Heritage Red Wine",치즈
"베드락, 올드 바인 진판델","Bedrock, Old Vine Zinfandel",견과류
"베드락, 올드 바인 진판델","Bedrock, Old Vine Zinfandel",살라미
"베드락, 올드 바인 진판델","Bedrock, Old Vine Zinfandel",치즈
"벤 마르코, 익스프레시보","Ben Marco, Expresivo",햄버거
"벤 마르코, 익스프레시보","Ben Marco, Expresivo",치즈
"벤 마르코, 익스프레시보","Ben Marco, Expresivo",양고기
"벤 마르코, 익스프레시보","Ben Marco, Expresivo",양갈비
"벤 마르코, 익스프레시보","Ben Marco, Expresivo",스테이크
"벤 마르코, 익스프레시보","Ben Marco, Expresivo",갈비찜
"벤 마르코, 익스프레시보","Ben Marco, Expresivo",소고기
"벤 마르코, 익스프레시보","Ben Marco, Expresivo",자두
"벤 마르코, 익스프레시보","Ben Marco, Expresivo",리조토
"벤 마르코, 익스프레시보","Ben Marco, Expresivo",양념갈비
"벤 마르코, 익스프레시보","Ben Marco, Expresivo",그라노파다노
"벤 마르코, 익스프레시보","Ben Marco, Expresivo",브리
"벤 마르코, 익스프레시보","Ben Marco, Expresivo",블루치즈
"벤 마르코, 신 리미테스 괄탈라리 말벡","Ben Marco, Sin Limites Gualtallary Marbec",브리
"벤 마르코, 신 리미테스 괄탈라리 말벡","Ben Marco, Sin Limites Gualtallary Marbec",콩테
"벤 마르코, 신 리미테스 괄탈라리 말벡","Ben Marco, Sin Limites Gualtallary Marbec",스모크
"벤 마르코, 신 리미테스 괄탈라리 말벡","Ben Marco, Sin Limites Gualtallary Marbec",양갈비
"벤 마르코, 신 리미테스 괄탈라리 말벡","Ben Marco, Sin Limites Gualtallary Marbec",양념갈비
"벤 마르코, 신 리미테스 괄탈라리 말벡","Ben Marco, Sin Limites Gualtallary Marbec",스테이크
"벤 마르코, 신 리미테스 괄탈라리 말벡","Ben Marco, Sin Limites Gualtallary Marbec",치즈
"벤 마르코, 신 리미테스 괄탈라리 말벡","Ben Marco, Sin Limites Gualtallary Marbec",에멘탈
"벤 마르코, 신 리미테스 괄탈라리 말벡","Ben Marco, Sin Limites Gualtallary Marbec",리조토
"벤 마르코, 신 리미테스 괄탈라리 말벡","Ben Marco, Sin Limites Gualtallary Marbec",햄버거
"벤 마르코, 신 리미테스 괄탈라리 말벡","Ben Marco, Sin Limites Gualtallary Marbec",갈비찜
"벤 마르코, 신 리미테스 괄탈라리 말벡","Ben Marco, Sin Limites Gualtallary Marbec",소고기
"벤 마르코, 신 리미테스 괄탈라리 말벡","Ben Marco, Sin Limites Gualtallary Marbec",건육
"벤 마르코, 신 리미테스 괄탈라리 말벡","Ben Marco, Sin Limites Gualtallary Marbec",자두
"비비 그라츠, 볼라마타","Bibi Graetz, Bollamatta",튀김
"비비 그라츠, 볼라마타","Bibi Graetz, Bollamatta",샐러드
블랙 스탈리온 까베르네 소비뇽,Black Stallion Cabernet Sauvignon,자두
블랙 스탈리온 까베르네 소비뇽,Black Stallion Cabernet Sauvignon,치즈
"블랙 스탈리온, 리미티드 릴리즈 포세이돈 샤르도네","Black Stallion, Limited Release Poseidon Chardonnay",샐러드
"블랙 스탈리온, 리미티드 릴리즈 포세이돈 샤르도네","Black Stallion, Limited Release Poseidon Chardonnay",치즈
"블랙 스탈리온, 리미티드 릴리즈 포세이돈 샤르도네","Black Stallion, Limited Release Poseidon Chardonnay",치킨
"블랙 스탈리온, 리미티드 릴리즈 포세이돈 샤르도네","Black Stallion, Limited Release Poseidon Chardonnay",식전주
"브리스데일, 더 와이즈 원 타우니 NV","Bleasdale, The Wise One Tawny NV",말린무화과
"브리스데일, 더 와이즈 원 타우니 NV","Bleasdale, The Wise One Tawny NV",티라미수
"브리스데일, 더 와이즈 원 타우니 NV","Bleasdale, The Wise One Tawny NV",말린과일
"브리스데일, 더 와이즈 원 타우니 NV","Bleasdale, The Wise One Tawny NV",리코타
"브리스데일, 더 와이즈 원 타우니 NV","Bleasdale, The Wise One Tawny NV",아이스크림
"브리스데일, 더 와이즈 원 타우니 NV","Bleasdale, The Wise One Tawny NV",초콜릿
"브리스데일, 더 와이즈 원 타우니 NV","Bleasdale, The Wise One Tawny NV",건육
"브리스데일, 더 와이즈 원 타우니 NV","Bleasdale, The Wise One Tawny NV",디저트
"브리스데일, 더 와이즈 원 타우니 NV","Bleasdale, The Wise One Tawny NV",견과류
"브리스데일, 더 와이즈 원 타우니 NV","Bleasdale, The Wise One Tawny NV",모짜렐라
"브리스데일, 더 와이즈 원 타우니 NV","Bleasdale, The Wise One Tawny NV",살라미
"브리스데일, 더 와이즈 원 타우니 NV","Bleasdale, The Wise One Tawny NV",하몽
"브리스데일, 더 와이즈 원 타우니 NV","Bleasdale, The Wise One Tawny NV",과일
"보데가 차크라, 마인케 샤르도네","Bodega Chacra, Mainque Chardonnay",치즈
"보데가 차크라, 마인케 샤르도네","Bodega Chacra, Mainque Chardonnay",수육
"보데가 차크라, 마인케 샤르도네","Bodega Chacra, Mainque Chardonnay",탕수육
"보데가 차크라, 마인케 샤르도네","Bodega Chacra, Mainque Chardonnay",바비큐
"보데가 이 비네도스 산 폴로, 아우카 클래식 말벡","Bodega y Vinedos San Polo, Auka Classic Malbec",샐러드
"보데가스 까레, 블랑코 소브레 리아스","Bodegas Care, Blanco Sobre Lias",치킨
"보데가스 까레, 블랑코 소브레 리아스","Bodegas Care, Blanco Sobre Lias",새우
"보데가스 까레, 블랑코 소브레 리아스","Bodegas Care, Blanco Sobre Lias",샐러드
"보데가스 까레, 블랑코 소브레 리아스","Bodegas Care, Blanco Sobre Lias",생선회
"보데가스 까로, 아만카야","Bodegas Caro, Amancaya",해산물
"보데가스 까로, 아만카야","Bodegas Caro, Amancaya",치즈
"보데가스 까로, 아만카야","Bodegas Caro, Amancaya",튀김
"보데가스 까로, 아만카야","Bodegas Caro, Amancaya",바비큐
"보데가스 까로, 아루마","Bodegas Caro, Aruma",소고기
"보데가스 까로, 아루마","Bodegas Caro, Aruma",아시아요리
"보데가스 까로, 아루마","Bodegas Caro, Aruma",양꼬치
"보데가스 까로, 아루마","Bodegas Caro, Aruma",장어
"보데가스 까로, 아루마","Bodegas Caro, Aruma",생선구이
"보데가스 까로, 아루마","Bodegas Caro, Aruma",자두
"보데가스 까로, 아루마","Bodegas Caro, Aruma",그릴요리
"보데가스 까로, 아루마","Bodegas Caro, Aruma",동남아요리
"보데가스 까로, 아루마","Bodegas Caro, Aruma",육류요리
"보데가스 까로, 아루마","Bodegas Caro, Aruma",장어구이
"보데가스 까로, 아루마","Bodegas Caro, Aruma",참치
"보데가스 까로, 아루마","Bodegas Caro, Aruma",스테이크
"보데가스 까로, 아루마","Bodegas Caro, Aruma",양고기
"보데가스 까로, 아루마","Bodegas Caro, Aruma",해산물
"보데가스 무가, 아로","Bodegas Muga, Aro",자두
"보데가스 무가, 아로","Bodegas Muga, Aro",치즈
"보데가스 무가, 블랑코","Bodegas Muga, Blanco",샐러드
"보데가스 무가, 블랑코","Bodegas Muga, Blanco",해산물
"보데가스 무가, 블랑코","Bodegas Muga, Blanco",삼겹살
"보데가스 무가, 프라도 에네아 그랑 레세르바","Bodegas Muga, Prado Enea Grand Reserva",파스타
"보데가스 무가, 리제르바 셀렉시옹 에스페시알","Bodegas Muga, Reserva Selection Especial",양갈비
"보데가스 무가, 리제르바 셀렉시옹 에스페시알","Bodegas Muga, Reserva Selection Especial",치즈
"보데가스 무가, 리제르바 셀렉시옹 에스페시알","Bodegas Muga, Reserva Selection Especial",소고기
"보데가스 무가, 또레 무가","Bodegas Muga, Torre Muga",샐러드
"보데가스 무가, 또레 무가","Bodegas Muga, Torre Muga",바비큐
"보데가스 무가, 또레 무가","Bodegas Muga, Torre Muga",치즈
"보데가스 넬레만, 저스트 화이트","Bodegas Neleman, Just Good Wine White",튀김
"보데가스 넬레만, 저스트 화이트","Bodegas Neleman, Just Good Wine White",아시아요리
"보데가스 넬레만, 저스트 화이트","Bodegas Neleman, Just Good Wine White",중국요리
"보데가스 넬레만, 저스트 화이트","Bodegas Neleman, Just Good Wine White",샐러드
"보글, 쁘띠 시라","Bogle, Petite Sirah",양고기
"볼랭저, 스페셜 뀌베 브뤼","Bollinger, Special Cuvee Brut",생선회
"볼랭저, 스페셜 뀌베 브뤼","Bollinger, Special Cuvee Brut",전채요리
"본드, 세인트 이든","Bond, Saint Eden",불고기
"본드, 세인트 이든","Bond, Saint Eden",스테이크
"본드, 세인트 이든","Bond, Saint Eden",양고기
"본드, 세인트 이든","Bond, Saint Eden",치즈
"브란콧 에스테이트, 말보로 레터 'T' 피노누아","Brancott Estate, Marlborough Letter 'T' Pinot Noir",호두
"브란콧 에스테이트, 말보로 레터 'T' 피노누아","Brancott Estate, Marlborough Letter 'T' Pinot Noir",닭고기
"브란콧 에스테이트, 말보로 레터 'T' 피노누아","Brancott Estate, Marlborough Letter 'T' Pinot Noir",자두
"브루어 클리프턴, 산타 리타 힐스 피노 누아","Brewer-Clifton, Sta. Rita Hills Pinot Noir",오리고기
"브루어 클리프턴, 산타 리타 힐스 피노 누아","Brewer-Clifton, Sta. Rita Hills Pinot Noir",치즈
"브루어 클리프턴, 산타 리타 힐스 피노 누아","Brewer-Clifton, Sta. Rita Hills Pinot Noir",페타
"브루어 클리프턴, 산타 리타 힐스 피노 누아","Brewer-Clifton, Sta. Rita Hills Pinot Noir",콩테
"브루어 클리프턴, 산타 리타 힐스 피노 누아","Brewer-Clifton, Sta. Rita Hills Pinot Noir",로스트비프
"브루어 클리프턴, 산타 리타 힐스 피노 누아","Brewer-Clifton, Sta. Rita Hills Pinot Noir",연어
"브루어 클리프턴, 산타 리타 힐스 피노 누아","Brewer-Clifton, Sta. Rita Hills Pinot Noir",버섯
"브루어 클리프턴, 산타 리타 힐스 피노 누아","Brewer-Clifton, Sta. Rita Hills Pinot Noir",참치
"브루어 클리프턴, 산타 리타 힐스 피노 누아","Brewer-Clifton, Sta. Rita Hills Pinot Noir",닭고기
"브루어 클리프턴, 산타 리타 힐스 피노 누아","Brewer-Clifton, Sta. Rita Hills Pinot Noir",파스타
"브레짜, 바롤로 깐누비","Brezza, Barolo Cannubi",스테이크
"브루노 지아코사, 바르바레스코 아실리 리제르바","Bruno Giacosa, Barbaresco Asili Riserva",양갈비
"브루노 지아코사, 바르바레스코 아실리 리제르바","Bruno Giacosa, Barbaresco Asili Riserva",훈제오리
"브루노 지아코사, 바르바레스코 아실리 리제르바","Bruno Giacosa, Barbaresco Asili Riserva",치즈
"브루노 지아코사, 바르바레스코 아실리 리제르바","Bruno Giacosa, Barbaresco Asili Riserva",트러플
"브루노 지아코사, 바르바레스코 아실리 리제르바","Bruno Giacosa, Barbaresco Asili Riserva",바비큐
"브루노 지아코사, 바롤로","Bruno Giacosa, Barolo",자두
"브루노 지아코사, 바롤로","Bruno Giacosa, Barolo",훈제오리
"브루노 지아코사, 바롤로","Bruno Giacosa, Barolo",치즈
"브루노 지아코사, 바롤로","Bruno Giacosa, Barolo",양고기
"칸티나 길랑, 패트리샤 피노 누아","Cantina Girlan, Patricia Pinot Noir",파스타
"칸티나 길랑, 패트리샤 피노 누아","Cantina Girlan, Patricia Pinot Noir",치즈
"칸티나 길랑, 패트리샤 피노 누아","Cantina Girlan, Patricia Pinot Noir",버섯
"칸티나 길랑, 트라트만 피노누아 리세르바","Cantina Girlan, Trattmann Pinot Noir Riserva",버섯
"칸티나 길랑, 트라트만 피노누아 리세르바","Cantina Girlan, Trattmann Pinot Noir Riserva",파스타
"칸티나 길랑, 트라트만 피노누아 리세르바","Cantina Girlan, Trattmann Pinot Noir Riserva",치즈
"칸티네 델 보르고 레알레, 시데레우스 토스카나 로쏘","Cantine del Borgo Reale, Sidereus Toscana Rosso",오리로스
"칸티네 델 보르고 레알레, 시데레우스 토스카나 로쏘","Cantine del Borgo Reale, Sidereus Toscana Rosso",까르파치오
"칸티네 델 보르고 레알레, 시데레우스 토스카나 로쏘","Cantine del Borgo Reale, Sidereus Toscana Rosso",생선구이
"칸티네 델 보르고 레알레, 시데레우스 토스카나 로쏘","Cantine del Borgo Reale, Sidereus Toscana Rosso",꼬치구이
"칸티네 델 보르고 레알레, 시데레우스 토스카나 로쏘","Cantine del Borgo Reale, Sidereus Toscana Rosso",자두
"칸티네 델 보르고 레알레, 시데레우스 토스카나 로쏘","Cantine del Borgo Reale, Sidereus Toscana Rosso",바비큐
"칸티네 델 보르고 레알레, 시데레우스 토스카나 로쏘","Cantine del Borgo Reale, Sidereus Toscana Rosso",해산물
"칸티네 델 보르고 레알레, 시데레우스 토스카나 로쏘","Cantine del Borgo Reale, Sidereus Toscana Rosso",양념치킨
"칸티네 델 보르고 레알레, 시데레우스 토스카나 로쏘","Cantine del Borgo Reale, Sidereus Toscana Rosso",건육
"칸티네 델 보르고 레알레, 시데레우스 토스카나 로쏘","Cantine del Borgo Reale, Sidereus Toscana Rosso",생선찜
"칸티네 델 보르고 레알레, 시데레우스 토스카나 로쏘","Cantine del Borgo Reale, Sidereus Toscana Rosso",육회
"칼린 드 파올로, 바르베라 다스티","Carlin de Paolo, Barbera d'Asti 'Ad Libitvm'",치즈
"깔린드 파올로, 바롤로","Carlin de Paolo, Barolo",치즈
까로,Caro,파스타
"카르페 디엠, 샤르도네","Carpe Diem, Chardonnay",해산물
"카르페 디엠, 샤르도네","Carpe Diem, Chardonnay",닭고기
"카르페 디엠, 샤르도네","Carpe Diem, Chardonnay",훈제오리
"카르페 디엠, 샤르도네","Carpe Diem, Chardonnay",치즈
"카르페 디엠, 샤르도네","Carpe Diem, Chardonnay",생선구이
"카르페 디엠, 샤르도네","Carpe Diem, Chardonnay",꽁떼
"카르페 디엠, 샤르도네","Carpe Diem, Chardonnay",아시아요리
"카르페 디엠, 샤르도네","Carpe Diem, Chardonnay",브리
"카르페 디엠, 샤르도네","Carpe Diem, Chardonnay",블루치즈
"카르페 디엠, 샤르도네","Carpe Diem, Chardonnay",오리로스
"카르페 디엠, 샤르도네","Carpe Diem, Chardonnay",동남아요리
"카르페 디엠, 샤르도네","Carpe Diem, Chardonnay",생선 까르파치오
"카르페 디엠, 피노 누아","Carpe Diem, Pinot Noir",까망베르
"카르페 디엠, 피노 누아","Carpe Diem, Pinot Noir",그라노파다노
"카르페 디엠, 피노 누아","Carpe Diem, Pinot Noir",자두
"카르페 디엠, 피노 누아","Carpe Diem, Pinot Noir",바비큐
"카르페 디엠, 피노 누아","Carpe Diem, Pinot Noir",콩테
"카르페 디엠, 피노 누아","Carpe Diem, Pinot Noir",편육
"카르페 디엠, 피노 누아","Carpe Diem, Pinot Noir",로스트비프
"카르페 디엠, 피노 누아","Carpe Diem, Pinot Noir",브리
"카르페 디엠, 피노 누아","Carpe Diem, Pinot Noir",크림파스타
"카르페 디엠, 피노 누아","Carpe Diem, Pinot Noir",체더
"카르페 디엠, 피노 누아","Carpe Diem, Pinot Noir",치즈
"카르페 디엠, 피노 누아","Carpe Diem, Pinot Noir",리조또
"카르페 디엠, 피노 누아","Carpe Diem, Pinot Noir",스테이크
"카르페 디엠, 피노 누아","Carpe Diem, Pinot Noir",수육
"카르페 디엠, 피노 누아","Carpe Diem, Pinot Noir",소고기
"카르페 디엠, 피노 누아","Carpe Diem, Pinot Noir",훈제오리
"까르피네토, 파니토 빈산토 델 키안티","Carpineto, Farnito Vinsanto del Chianti",치즈
"까르피네토, 파니토 빈산토 델 키안티","Carpineto, Farnito Vinsanto del Chianti",피자
"까르피네토, 비노 노빌레 디 몬테풀치아노 리제르바","Carpineto, Vino Nobile di Montepulciano Reserva",돼지
"까르피네토, 비노 노빌레 디 몬테풀치아노 리제르바","Carpineto, Vino Nobile di Montepulciano Reserva",스테이크
"까르피네토, 비노 노빌레 디 몬테풀치아노 리제르바","Carpineto, Vino Nobile di Montepulciano Reserva",치즈
까르뜨 블랑슈 까베르네 소비뇽,"Carte Blanche, Cabernet Sauvignon",버섯
까르뜨 블랑슈 까베르네 소비뇽,"Carte Blanche, Cabernet Sauvignon",양갈비
까르뜨 블랑슈 까베르네 소비뇽,"Carte Blanche, Cabernet Sauvignon",스테이크
"카잘 파르네토, 치마이오","Casal Farneto, Cimaio",치즈
"카잘 파르네토, 치마이오","Casal Farneto, Cimaio",푸아그라
"카잘 파르네토, 치마이오","Casal Farneto, Cimaio",샐러드
"카잘 파르네토, 치마이오","Casal Farneto, Cimaio",과일
"카시나 치쿠, 랑게 네비올로","Cascina Chicco, Langhe Nebbiolo",육류요리
"카시나 치쿠, 랑게 네비올로","Cascina Chicco, Langhe Nebbiolo",치즈
"카스텔로 디 폰테루톨리, 키안티 클라시코","Castello di Fonterutoli, Chianti Classico",파스타
"카스텔로 디 폰테루톨리, 키안티 클라시코","Castello di Fonterutoli, Chianti Classico",양고기
"카스텔로 디 폰테루톨리, 키안티 클라시코","Castello di Fonterutoli, Chianti Classico",돼지
"카스텔로 디 몬테포, 스키디오네","Castello di Montepo, Schidione",치즈
"카스텔로 디 퀘르체토, 키안티 클라시코","Castello di Querceto, Chianti Classico",피자
"카스텔로 디 퀘르체토, 키안티 클라시코","Castello di Querceto, Chianti Classico",치즈
"카스텔로 디 퀘르체토, 키안티 클라시코","Castello di Querceto, Chianti Classico",가금류
"카네타 자파타, 안젤리카 자파타 말벡","Catena Zapata, Angelica Zapata Malbec",자두
"카네타 자파타, 안젤리카 자파타 말벡","Catena Zapata, Angelica Zapata Malbec",육류요리
"카네타 자파타, 안젤리카 자파타 말벡","Catena Zapata, Angelica Zapata Malbec",양고기
"카네타 자파타, 안젤리카 자파타 말벡","Catena Zapata, Angelica Zapata Malbec",치즈
"카테나 자파타, 디.브이 카테나 카베르네 히스토리코","Catena Zapata, D.V Catena Cabernet Historico",바비큐
"카테나 자파타, 디.브이 카테나 말벡 히스토리코","Catena Zapata, D.V Catena Malbec Historico",치즈
"카테나 자파타, 디.브이 카테나 말벡 히스토리코","Catena Zapata, D.V Catena Malbec Historico",자두
"카테나 자파타, 디.브이 카테나 말벡 히스토리코","Catena Zapata, D.V Catena Malbec Historico",양고기
"셀라 드 캅파네스, 포텐테","Cellar de Capcanes, Potente",바비큐
"셀라 드 캅파네스, 포텐테","Cellar de Capcanes, Potente",탕수육
"셀라 드 캅파네스, 포텐테","Cellar de Capcanes, Potente",자두
셀리에 오 무안 지브리 프리미에 크뤼 클로 뒤 셀리에 오 무안,Cellier aux Moines Givry 1er Cru Clos du Cellier aux Moines,치즈
셀리에 오 무안 지브리 프리미에 크뤼 클로 뒤 셀리에 오 무안,Cellier aux Moines Givry 1er Cru Clos du Cellier aux Moines,자두
셀리에 오 무안 몽타니 프리미에 크뤼 레 콤브,Cellier aux Moines Montagny 1er Cru Les Combes,복숭아
셀리에 오 무안 상트네 프리미에 크뤼 보르가르,Cellier aux Moines Santenay 1er Cru Beauregard,복숭아
"샴페인 부와젤, 블랑 드 블랑","Champagne Boizel, Blanc de Blanc",새우
"샴페인 부와젤, 블랑 드 블랑","Champagne Boizel, Blanc de Blanc",치킨
"샴페인 부와젤, 블랑 드 블랑","Champagne Boizel, Blanc de Blanc",수육
"샴페인 부와젤, 블랑 드 누아","Champagne Boizel, Blanc de Noir",가금류
"샴페인 부와젤, 블랑 드 누아","Champagne Boizel, Blanc de Noir",버섯
"샴페인 부와젤, 브뤼 리저브","Champagne Boizel, Brut Reserve",치즈
"샴페인 부와젤, 브뤼 리저브","Champagne Boizel, Brut Reserve",연어
"샴페인 드 브노쥬, 꼬르동 블루 브뤼","Champagne de Venoge, Cordon Bleu Brut",아페리티프
"샴페인 드 브노쥬, 루이 도르 브뤼","Champagne de Venoge, Louis d'Or Brut",전채요리
"샴페인 드 브노쥬, 루이 15세 브뤼","Champagne de Venoge, Louis XV",랍스터
"샴페인 드 브노쥬, 루이 15세 브뤼","Champagne de Venoge, Louis XV",전채요리
"샴페인 드 브노쥬, 루이 15세 300주년 기념 에디션","Champagne de Venoge, Louis XV 300th Anniversary of the Coronation Edition",랍스터
"샴페인 드 브노쥬, 루이 15세 300주년 기념 에디션","Champagne de Venoge, Louis XV 300th Anniversary of the Coronation Edition",치즈
"샴페인 드라피에, 콰투아","Champagne Drappier, Quattuor",연어
"샴페인 드라피에, 콰투아","Champagne Drappier, Quattuor",치즈
"샴페인 드라피에, 콰투아","Champagne Drappier, Quattuor",파스타
"샴페인 유진 쓰리, 트레디션 브뤼","Champagne Eugene III, Tradition Brut",해산물
"샴페인 유진 쓰리, 트레디션 브뤼","Champagne Eugene III, Tradition Brut",리코타
"샴페인 유진 쓰리, 트레디션 브뤼","Champagne Eugene III, Tradition Brut",아시아요리
"샴페인 유진 쓰리, 트레디션 브뤼","Champagne Eugene III, Tradition Brut",생선회
"샴페인 유진 쓰리, 트레디션 브뤼","Champagne Eugene III, Tradition Brut",식전주
"샴페인 유진 쓰리, 트레디션 브뤼","Champagne Eugene III, Tradition Brut",샐러드
"샴페인 유진 쓰리, 트레디션 브뤼","Champagne Eugene III, Tradition Brut",오일파스타
"샴페인 유진 쓰리, 트레디션 브뤼","Champagne Eugene III, Tradition Brut",치즈
"샴페인 유진 쓰리, 트레디션 브뤼","Champagne Eugene III, Tradition Brut",스시
"샴페인 유진 쓰리, 트레디션 브뤼","Champagne Eugene III, Tradition Brut",초밥
"샴페인 유진 쓰리, 트레디션 브뤼","Champagne Eugene III, Tradition Brut",버섯
"샴페인 유진 쓰리, 트레디션 브뤼","Champagne Eugene III, Tradition Brut",건육
"샴페인 유진 쓰리, 트레디션 브뤼","Champagne Eugene III, Tradition Brut",탕수육
"샴페인 유진 쓰리, 트레디션 브뤼","Champagne Eugene III, Tradition Brut",크림치즈
"샴페인 누빌, 꼬뜨 블랑쉐","Champagne Le Brun de Neuville, Cote Blanche",새우
"샴페인 누빌, 꼬뜨 블랑쉐","Champagne Le Brun de Neuville, Cote Blanche",치즈
"샤를 엘너, 까르뜨 블랑슈 브뤼","Charles Ellner, Carte Blanche Brut",티라미슈
"샤를 엘너, 까르뜨 블랑슈 브뤼","Charles Ellner, Carte Blanche Brut",킹크랩
"샤를 엘너, 까르뜨 블랑슈 브뤼","Charles Ellner, Carte Blanche Brut",콩테
"샤를 엘너, 까르뜨 블랑슈 브뤼","Charles Ellner, Carte Blanche Brut",크림치즈
"샤를 엘너, 까르뜨 블랑슈 브뤼","Charles Ellner, Carte Blanche Brut",리코타
"샤를 엘너, 까르뜨 블랑슈 브뤼","Charles Ellner, Carte Blanche Brut",디저트
"샤를 엘너, 까르뜨 블랑슈 브뤼","Charles Ellner, Carte Blanche Brut",생선회
"샤를 엘너, 까르뜨 블랑슈 브뤼","Charles Ellner, Carte Blanche Brut",과일
"샤를 엘너, 까르뜨 블랑슈 브뤼","Charles Ellner, Carte Blanche Brut",샐러드
"샤를 엘너, 까르뜨 블랑슈 브뤼","Charles Ellner, Carte Blanche Brut",해산물
"샤를 엘너, 까르뜨 블랑슈 브뤼","Charles Ellner, Carte Blanche Brut",치즈
"샤를 엘너, 까르뜨 블랑슈 브뤼","Charles Ellner, Carte Blanche Brut",스시
"샤를 엘너, 까르뜨 블랑슈 브뤼","Charles Ellner, Carte Blanche Brut",복숭아
"샤를 엘너, 까르뜨 블랑슈 브뤼","Charles Ellner, Carte Blanche Brut",랍스터
"샤를 엘너, 프레스티지 밀레짐 브뤼","Charles Ellner, Prestige Millesime Brut",샐러드
"샤를 엘너, 프레스티지 밀레짐 브뤼","Charles Ellner, Prestige Millesime Brut",과일
"샤를 엘너, 프레스티지 밀레짐 브뤼","Charles Ellner, Prestige Millesime Brut",스시
"샤를 엘너, 프레스티지 밀레짐 브뤼","Charles Ellner, Prestige Millesime Brut",치즈
"샤를 엘너, 프레스티지 밀레짐 브뤼","Charles Ellner, Prestige Millesime Brut",디저트
"샤를 오르방, 블랑 드 누아","Charles Orban, Blanc de Noirs",치즈
"샤를 오르방, 블랑 드 누아","Charles Orban, Blanc de Noirs",과일
"샤를 오르방, 블랑 드 누아","Charles Orban, Blanc de Noirs",샐러드
"샤를 오르방, 블랑 드 누아","Charles Orban, Blanc de Noirs",스시
"샤를 오르방, 블랑 드 누아","Charles Orban, Blanc de Noirs",디저트
"샤를 오르방, 블랑 드 누아","Charles Orban, Blanc de Noirs",자두
샤또 바따이,Chateau Batailley,치즈
샤또 브라네르 뒤크뤼,Chateau Branaire Ducru,양고기
샤또 브라네르 뒤크뤼,Chateau Branaire Ducru,햄
샤또 시트랑,Chateau Citran,소고기
샤또 시트랑,Chateau Citran,양고기
샤또 끌리네,Chateau Clinet,한국음식
샤또 끌리네,Chateau Clinet,치즈
샤또 끌리네,Chateau Clinet,햄
샤또 끌리네,Chateau Clinet,훈제오리
"샤또 드 보카스텔, 샤또네프 뒤 빠쁘 루즈","Chateau de Beaucastel, Chateauneuf du Pape Rouge",양고기
"샤또 드 보카스텔, 샤또네프 뒤 빠쁘 루즈","Chateau de Beaucastel, Chateauneuf du Pape Rouge",치즈
"샤또 드 보카스텔, 샤또네프 뒤 빠쁘 루즈","Chateau de Beaucastel, Chateauneuf du Pape Rouge",훈제오리
샤또 드 페즈,Chateau de Pez,소고기
샤또 드 페즈,Chateau de Pez,양고기
샤또 드 페즈,Chateau de Pez,치즈
샤또 피작,Chateau Figeac,붉은육류
샤또 피작,Chateau Figeac,한국음식
샤또 피작,Chateau Figeac,햄
샤또 피작,Chateau Figeac,훈제오리
샤또 피작,Chateau Figeac,스테이크
샤또 피작,Chateau Figeac,로스트비프
샤또 피작,Chateau Figeac,치즈
샤토 장 파우레,Chateau Jean Faure,양갈비
샤또 마고,Chateau Margaux,버섯
샤또 마고,Chateau Margaux,스테이크
샤또 마고,Chateau Margaux,치즈
"샤또 몬텔레나, 나파 밸리 샤도네이","Chateau Montelena, Napa Valley Chardonnay",복숭아
"샤또 몬텔레나, 나파 밸리 샤도네이","Chateau Montelena, Napa Valley Chardonnay",참치
"샤또 몬텔레나, 나파 밸리 샤도네이","Chateau Montelena, Napa Valley Chardonnay",보쌈
"샤또 몬텔레나, 나파 밸리 샤도네이","Chateau Montelena, Napa Valley Chardonnay",피자
"샤또 몬텔레나, 나파 밸리 샤도네이","Chateau Montelena, Napa Valley Chardonnay",치즈
샤토 폴 마스 클로 사비냑,Chateau Paul Mas Clos Savignac,스테이크
샤토 폴 마스 클로 사비냑,Chateau Paul Mas Clos Savignac,양고기
샤또 퐁테 카네,Chateau Pontet Canet,치즈
샤또 퐁테 카네,Chateau Pontet Canet,양고기
샤또 퐁테 카네,Chateau Pontet Canet,스테이크
"샤또 뽀띠롱, 뀌베 엑셀런스","Chateau Potiron, Cuvee Excellence",자두
"샤또 뽀띠롱, 뀌베 엑셀런스","Chateau Potiron, Cuvee Excellence",스테이크
"샤또 뽀띠롱, 뀌베 엑셀런스","Chateau Potiron, Cuvee Excellence",치즈
샤또 라울 그라브 블랑,Chateau Rahoul Graves Blanc,아시아요리
샤또 라울 그라브 블랑,Chateau Rahoul Graves Blanc,생선구이
샤또 라울 그라브 블랑,Chateau Rahoul Graves Blanc,중국요리
샤또 라울 그라브 블랑,Chateau Rahoul Graves Blanc,샐러드
샤또 라울 그라브 블랑,Chateau Rahoul Graves Blanc,튀김
"샤또 생진, 생 세파쥬","Chateau St. Jean, Cinq Cepages",파스타
"샤또 생진, 생 세파쥬","Chateau St. Jean, Cinq Cepages",자두
"샤또 생진, 생 세파쥬","Chateau St. Jean, Cinq Cepages",양고기
"샤또 생진, 생 세파쥬","Chateau St. Jean, Cinq Cepages",치즈
"샤토 생 미셸, 컬럼비아 밸리 리슬링","Chateau Ste. Michelle, Columbia Valley Riesling",연어
"샤토 생 미셸, 컬럼비아 밸리 리슬링","Chateau Ste. Michelle, Columbia Valley Riesling",샐러드
"샤토 생 미셸, 컬럼비아 밸리 리슬링","Chateau Ste. Michelle, Columbia Valley Riesling",파스타
"샤토 생 미셸, 컬럼비아 밸리 리슬링","Chateau Ste. Michelle, Columbia Valley Riesling",베이컨
"샤토 생 미셸, 컬럼비아 밸리 리슬링","Chateau Ste. Michelle, Columbia Valley Riesling",떡볶이
"샤토 생 미셸, 컬럼비아 밸리 리슬링","Chateau Ste. Michelle, Columbia Valley Riesling",편육
"샤토 생 미셸, 컬럼비아 밸리 리슬링","Chateau Ste. Michelle, Columbia Valley Riesling",오일파스타
"샤토 생 미셸, 컬럼비아 밸리 리슬링","Chateau Ste. Michelle, Columbia Valley Riesling",아시아요리
"샤토 생 미셸, 컬럼비아 밸리 리슬링","Chateau Ste. Michelle, Columbia Valley Riesling",흰살생선
"샤토 생 미셸, 컬럼비아 밸리 리슬링","Chateau Ste. Michelle, Columbia Valley Riesling",튀김
"샤토 생 미셸, 컬럼비아 밸리 리슬링","Chateau Ste. Michelle, Columbia Valley Riesling",복숭아
"샤토 생 미셸, 컬럼비아 밸리 리슬링","Chateau Ste. Michelle, Columbia Valley Riesling",건육
"샤토 생 미셸, 컬럼비아 밸리 리슬링","Chateau Ste. Michelle, Columbia Valley Riesling",불고기
"샤토 생 미셸, 컬럼비아 밸리 리슬링","Chateau Ste. Michelle, Columbia Valley Riesling",견과류
"샤토 생 미셸, 컬럼비아 밸리 리슬링","Chateau Ste. Michelle, Columbia Valley Riesling",돼지고기
샤또 딸보,Chateau Talbot,크림파스타
샤또 딸보,Chateau Talbot,블루치즈
샤또 딸보,Chateau Talbot,콩테
샤또 딸보,Chateau Talbot,그라노파다노
샤또 딸보,Chateau Talbot,파르미지아노
샤또 딸보,Chateau Talbot,리조토
샤또 딸보,Chateau Talbot,자두
샤또 딸보,Chateau Talbot,치즈
샤또 딸보,Chateau Talbot,족발
샤또 딸보,Chateau Talbot,스테이크
샤또 딸보,Chateau Talbot,양갈비
샤또 딸보,Chateau Talbot,소고기
샤또 딸보,Chateau Talbot,불고기
샤또 딸보,Chateau Talbot,바비큐
샤또 발란드로,Chateau Valandraud,소고기
샤또 발란드로,Chateau Valandraud,돼지고기
샤또 발란드로,Chateau Valandraud,양고기
샤또 발란드로,Chateau Valandraud,치즈
"치아봇 베르통, 바롤로 1961","Ciabot Berton, Barolo 1961",파스타
"치아봇 베르통, 바롤로 라 모라","Ciabot Berton, Barolo La Morra",파스타
"치아봇 베르통, 바롤로 로케테비노","Ciabot Berton, Barolo Rocchettevino",파스타
"클리프 레이디, 펠 샤도네이","Cliff Lede, Fel Chardonnay",아스파라거스
"클리프 레이디, 펠 샤도네이","Cliff Lede, Fel Chardonnay",파스타
"폴 케브라다 드 마쿨, 페냐롤렌 테즈","Clos Quebrada de Macul, Penalolen Tez",불고기
"폴 케브라다 드 마쿨, 페냐롤렌 테즈","Clos Quebrada de Macul, Penalolen Tez",토마토파스타
"폴 케브라다 드 마쿨, 페냐롤렌 테즈","Clos Quebrada de Macul, Penalolen Tez",콩테
"폴 케브라다 드 마쿨, 페냐롤렌 테즈","Clos Quebrada de Macul, Penalolen Tez",그라노파다노
"폴 케브라다 드 마쿨, 페냐롤렌 테즈","Clos Quebrada de Macul, Penalolen Tez",고다
"폴 케브라다 드 마쿨, 페냐롤렌 테즈","Clos Quebrada de Macul, Penalolen Tez",브리
"폴 케브라다 드 마쿨, 페냐롤렌 테즈","Clos Quebrada de Macul, Penalolen Tez",버섯
"폴 케브라다 드 마쿨, 페냐롤렌 테즈","Clos Quebrada de Macul, Penalolen Tez",스테이크
"폴 케브라다 드 마쿨, 페냐롤렌 테즈","Clos Quebrada de Macul, Penalolen Tez",소고기
"폴 케브라다 드 마쿨, 페냐롤렌 테즈","Clos Quebrada de Macul, Penalolen Tez",블루치즈
"폴 케브라다 드 마쿨, 페냐롤렌 테즈","Clos Quebrada de Macul, Penalolen Tez",바비큐
"폴 케브라다 드 마쿨, 페냐롤렌 테즈","Clos Quebrada de Macul, Penalolen Tez",파르미지아노
"폴 케브라다 드 마쿨, 페냐롤렌 테즈","Clos Quebrada de Macul, Penalolen Tez",자두
"폴 케브라다 드 마쿨, 페냐롤렌 테즈","Clos Quebrada de Macul, Penalolen Tez",치즈
"폴 케브라다 드 마쿨, 페냐롤렌 테즈","Clos Quebrada de Macul, Penalolen Tez",갈비찜
"폴 케브라다 드 마쿨, 페냐롤렌 테즈","Clos Quebrada de Macul, Penalolen Tez",양갈비
"콜도르치아, 올마이아 산탄티모 까베르네","Col d'Orcia, Olmaia Sant'antimo Cabernet",파스타
"콜레프리지오, 아파시멘토","Collefrisio, Appassimento",티라미슈
"콜레프리지오, 아파시멘토","Collefrisio, Appassimento",자두
"콜레프리지오, 아파시멘토","Collefrisio, Appassimento",과일
"콜레프리지오, 칸프란토","Collefrisio, Confronto",프로슈토
"콜레프리지오, 칸프란토","Collefrisio, Confronto",양갈비
"콜레프리지오, 인 앤 아웃","Collefrisio, In & Out",치즈
"콜레프리지오, 인 앤 아웃","Collefrisio, In & Out",양고기
"콜레프리지오, 세미스","Collefrisio, Semis",양갈비
"콜레프리지오, 세미스","Collefrisio, Semis",리조토
"콜레프리지오, 세미스","Collefrisio, Semis",버섯
"콜레프리지오, 세미스","Collefrisio, Semis",프로슈토
"콘트라또, 밀레시마토 엑스트라 브뤼","Contratto, Millesimato Extra Brut",양고기
"콘트라또, 밀레시마토 엑스트라 브뤼","Contratto, Millesimato Extra Brut",파스타
코넌드럼 화이트,Conundrum White,샐러드
컬트 카베르네 소비뇽,Cult Cabernet Sauvignon,양갈비
컬트 카베르네 소비뇽,Cult Cabernet Sauvignon,치즈
"달 포르노 로마노, 아마로네 델라 발포리첼라","Dal Forno Romano, Amarone della Valpolicella",양고기
"달 포르노 로마노, 아마로네 델라 발포리첼라","Dal Forno Romano, Amarone della Valpolicella",꽁피
"달 포르노 로마노, 발폴리첼라 수페리오레","Dal Forno Romano, Valpolicella Superiore",치즈
"다나 에스테이트, 바소 카베르네 소비뇽","Dana Estates, Vaso Cabernet Sauvignon",치즈
"다나 에스테이트, 바소 카베르네 소비뇽","Dana Estates, Vaso Cabernet Sauvignon",자두
"다나 에스테이트, 바소 카베르네 소비뇽","Dana Estates, Vaso Cabernet Sauvignon",콩테
"다나 에스테이트, 바소 카베르네 소비뇽","Dana Estates, Vaso Cabernet Sauvignon",양갈비
"다나 에스테이트, 바소 카베르네 소비뇽","Dana Estates, Vaso Cabernet Sauvignon",스테이크
"다리우스 II, 카베르네 소비뇽","Darius II, Cabernet Sauvignon",치즈
"다리우스 II, 카베르네 소비뇽","Darius II, Cabernet Sauvignon",양갈비
"드 샹세니, 크레망 드 루아르 브뤼","De Chanceny, Cremant de Loire Brut",식전주
"드 샹세니, 크레망 드 루아르 브뤼","De Chanceny, Cremant de Loire Brut",치즈
"드 샹세니, 크레망 드 루아르 브뤼","De Chanceny, Cremant de Loire Brut",새우
"디코이, 피노누아","Decoy, Pinot Noir",보쌈
"디코이, 피노누아","Decoy, Pinot Noir",치즈
들라스 에르미타주 도멘 데 뚜레뜨,Delas Hermitage Domaine des Tourettes,스튜
"디오블릿, 조토비치 패밀리 빈야드 피노 누아","Deovlet, Zotovich Family Vineyard Pinot Noir",버섯
"디오블릿, 조토비치 패밀리 빈야드 피노 누아","Deovlet, Zotovich Family Vineyard Pinot Noir",파스타
"디오블릿, 조토비치 패밀리 빈야드 피노 누아","Deovlet, Zotovich Family Vineyard Pinot Noir",치즈
"도츠, 윌리엄 도츠","Deutz, William Deutz",푸아그라
"도츠, 윌리엄 도츠","Deutz, William Deutz",농어
드보 뀌베 디,Devaux Cuvee D,해산물
"디왈드 와인, 리드 아이젠훝 리슬링","Diwald Wine, Ried Eisenhut 1OTW Riesling",닭강정
"디왈드 와인, 리드 아이젠훝 리슬링","Diwald Wine, Ried Eisenhut 1OTW Riesling",해산물
"디왈드 와인, 리드 아이젠훝 리슬링","Diwald Wine, Ried Eisenhut 1OTW Riesling",후라이드
"디왈드 와인, 리드 아이젠훝 리슬링","Diwald Wine, Ried Eisenhut 1OTW Riesling",편육
"디왈드 와인, 리드 아이젠훝 리슬링","Diwald Wine, Ried Eisenhut 1OTW Riesling",바비큐
"디왈드 와인, 리드 아이젠훝 리슬링","Diwald Wine, Ried Eisenhut 1OTW Riesling",오일파스타
"디왈드 와인, 리드 아이젠훝 리슬링","Diwald Wine, Ried Eisenhut 1OTW Riesling",크림치즈
"디왈드 와인, 리드 아이젠훝 리슬링","Diwald Wine, Ried Eisenhut 1OTW Riesling",중국요리
"디왈드 와인, 리드 아이젠훝 리슬링","Diwald Wine, Ried Eisenhut 1OTW Riesling",튀김
"디왈드 와인, 리드 아이젠훝 리슬링","Diwald Wine, Ried Eisenhut 1OTW Riesling",베이컨
"디왈드 와인, 리드 아이젠훝 리슬링","Diwald Wine, Ried Eisenhut 1OTW Riesling",수육
"디왈드 와인, 리드 아이젠훝 리슬링","Diwald Wine, Ried Eisenhut 1OTW Riesling",건육
"디왈드 와인, 리드 아이젠훝 리슬링","Diwald Wine, Ried Eisenhut 1OTW Riesling",새우
"디왈드 와인, 리드 아이젠훝 리슬링","Diwald Wine, Ried Eisenhut 1OTW Riesling",모짜렐라
"디왈드 와인, 리드 아이젠훝 리슬링","Diwald Wine, Ried Eisenhut 1OTW Riesling",삼겹살
"디왈드 와인, 리드 아이젠훝 리슬링","Diwald Wine, Ried Eisenhut 1OTW Riesling",치킨
"디왈드 와인, 리드 아이젠훝 리슬링","Diwald Wine, Ried Eisenhut 1OTW Riesling",순대
"디왈드 와인, 리드 아이젠훝 리슬링","Diwald Wine, Ried Eisenhut 1OTW Riesling",샐러드
"돔 꾸드론, 슈블리미티","Dom Caudron, Sublimite",샐러드
"돔 꾸드론, 슈블리미티","Dom Caudron, Sublimite",해산물
"돔 꾸드론, 슈블리미티","Dom Caudron, Sublimite",연어
"도멘 앤더슨 에스테이트, 샤르도네 앤더슨 밸리","Domaine Anderson Estate, Chardonnay Anderson Valley",장어구이
"도멘 앤더슨 에스테이트, 샤르도네 앤더슨 밸리","Domaine Anderson Estate, Chardonnay Anderson Valley",까망베르
"도멘 앤더슨 에스테이트, 샤르도네 앤더슨 밸리","Domaine Anderson Estate, Chardonnay Anderson Valley",생선구이
"도멘 앤더슨 에스테이트, 샤르도네 앤더슨 밸리","Domaine Anderson Estate, Chardonnay Anderson Valley",크림치즈
"도멘 앤더슨 에스테이트, 샤르도네 앤더슨 밸리","Domaine Anderson Estate, Chardonnay Anderson Valley",치즈
"도멘 앤더슨 에스테이트, 샤르도네 앤더슨 밸리","Domaine Anderson Estate, Chardonnay Anderson Valley",닭고기
"도멘 앤더슨 에스테이트, 샤르도네 앤더슨 밸리","Domaine Anderson Estate, Chardonnay Anderson Valley",해산물
"도멘 앤더슨 에스테이트, 샤르도네 앤더슨 밸리","Domaine Anderson Estate, Chardonnay Anderson Valley",랍스터
"도멘 앤더슨 에스테이트, 샤르도네 앤더슨 밸리","Domaine Anderson Estate, Chardonnay Anderson Valley",모짜렐라
"도멘 앤더슨 에스테이트, 샤르도네 앤더슨 밸리","Domaine Anderson Estate, Chardonnay Anderson Valley",오일파스타
"도멘 앤더슨 에스테이트, 샤르도네 앤더슨 밸리","Domaine Anderson Estate, Chardonnay Anderson Valley",오리로스
"도멘 앤더슨 에스테이트, 샤르도네 앤더슨 밸리","Domaine Anderson Estate, Chardonnay Anderson Valley",파르메산
"도멘 앤더슨 에스테이트, 샤르도네 앤더슨 밸리","Domaine Anderson Estate, Chardonnay Anderson Valley",동남아요리
"도멘 앤더슨 에스테이트, 샤르도네 앤더슨 밸리","Domaine Anderson Estate, Chardonnay Anderson Valley",치킨
"도멘 앤더슨 에스테이트, 피노 누아 앤더슨 밸리","Domaine Anderson, Estate Pinot Noir Anderson Valley",닭고기
"도멘 앤더슨 에스테이트, 피노 누아 앤더슨 밸리","Domaine Anderson, Estate Pinot Noir Anderson Valley",브리
"도멘 앤더슨 에스테이트, 피노 누아 앤더슨 밸리","Domaine Anderson, Estate Pinot Noir Anderson Valley",블루치즈
"도멘 앤더슨 에스테이트, 피노 누아 앤더슨 밸리","Domaine Anderson, Estate Pinot Noir Anderson Valley",크림파스타
"도멘 앤더슨 에스테이트, 피노 누아 앤더슨 밸리","Domaine Anderson, Estate Pinot Noir Anderson Valley",훈제오리
"도멘 앤더슨 에스테이트, 피노 누아 앤더슨 밸리","Domaine Anderson, Estate Pinot Noir Anderson Valley",치즈
"도멘 앤더슨 에스테이트, 피노 누아 앤더슨 밸리","Domaine Anderson, Estate Pinot Noir Anderson Valley",족발
"도멘 앤더슨 에스테이트, 피노 누아 앤더슨 밸리","Domaine Anderson, Estate Pinot Noir Anderson Valley",샤브샤브
"도멘 앤더슨 에스테이트, 피노 누아 앤더슨 밸리","Domaine Anderson, Estate Pinot Noir Anderson Valley",베이컨
"도멘 앤더슨 에스테이트, 피노 누아 앤더슨 밸리","Domaine Anderson, Estate Pinot Noir Anderson Valley",로스트비프
"도멘 앤더슨 에스테이트, 피노 누아 앤더슨 밸리","Domaine Anderson, Estate Pinot Noir Anderson Valley",콩테
"도멘 앤더슨 에스테이트, 피노 누아 앤더슨 밸리","Domaine Anderson, Estate Pinot Noir Anderson Valley",편육
"도멘 앤더슨 에스테이트, 피노 누아 앤더슨 밸리","Domaine Anderson, Estate Pinot Noir Anderson Valley",소고기
"도멘 앤더슨 에스테이트, 피노 누아 앤더슨 밸리","Domaine Anderson, Estate Pinot Noir Anderson Valley",수육
"도멘 앙또넹 기용, 뫼르소 샤르므 프르미에 크뤼 '레 샤름 드쉬'","Domaine Antonin Guyon, Meursault Charmes 1er Cru 'Les Charmes Dessus'",가금류
"도멘 생 미셸, 브뤼","Domaine Ste. Michelle, Brut",건육
"도멘 생 미셸, 브뤼","Domaine Ste. Michelle, Brut",나물
"도멘 생 미셸, 브뤼","Domaine Ste. Michelle, Brut",과일
"도멘 생 미셸, 브뤼","Domaine Ste. Michelle, Brut",샐러드
"도멘 생 미셸, 브뤼","Domaine Ste. Michelle, Brut",탕수육
"도멘 생 미셸, 브뤼","Domaine Ste. Michelle, Brut",아스파라거스
"도멘 생 미셸, 브뤼","Domaine Ste. Michelle, Brut",비빔밥
"도멘 생 미셸, 브뤼","Domaine Ste. Michelle, Brut",해산물
"도멘 생 미셸, 브뤼","Domaine Ste. Michelle, Brut",스시
"도멘 생 미셸, 브뤼","Domaine Ste. Michelle, Brut",치즈
"도멘 생 미셸, 브뤼","Domaine Ste. Michelle, Brut",중국요리
"도멘 생 미셸, 브뤼","Domaine Ste. Michelle, Brut",루꼴라
"도멘 생 미셸, 브뤼","Domaine Ste. Michelle, Brut",오일파스타
"도멘 생 미셸, 브뤼","Domaine Ste. Michelle, Brut",크림치즈
"도멘 생 미셸, 브뤼","Domaine Ste. Michelle, Brut",리코타
"도멘 생 미셸, 브뤼","Domaine Ste. Michelle, Brut",양꼬치
"도멘 생 미셸, 브뤼","Domaine Ste. Michelle, Brut",견과류
"도멘 생 미셸, 브뤼","Domaine Ste. Michelle, Brut",베이컨
"도멘 생 미셸, 브뤼","Domaine Ste. Michelle, Brut",아시아요리
"도멘 생 미셸, 브뤼","Domaine Ste. Michelle, Brut",모짜렐라
"도멘 생 미셸, 브뤼","Domaine Ste. Michelle, Brut",생선회
"도멘 생 미셸, 브뤼","Domaine Ste. Michelle, Brut",꼬치구이
"도멘 생 미셸, 브뤼","Domaine Ste. Michelle, Brut",식전주
"된호프, 니더하우저 헤르만숄레 리슬링 슈페트레제","Dönnhoff, Niederhauser Hermannshole Riesling Spatlese",해산물
"된호프, 리슬링 파인헤릅","Dönnhoff, Riesling Feinherb",해산물
"두르뜨, 뉘메로 엥 소비뇽 블랑","Dourthe, No.1 Sauvignon Blanc",야채
"두르뜨, 뉘메로 엥 소비뇽 블랑","Dourthe, No.1 Sauvignon Blanc",초밥
"듀몰, 하이디 빈야드 샤도네이","DuMOL, Hyde Vineyard Chardonnay",수육
"듀몰, 하이디 빈야드 샤도네이","DuMOL, Hyde Vineyard Chardonnay",바비큐
"듀몰, 하이디 빈야드 샤도네이","DuMOL, Hyde Vineyard Chardonnay",탕수육
"듀몰, 하이디 빈야드 샤도네이","DuMOL, Hyde Vineyard Chardonnay",치즈
"듀몰, 웨스터 리치 샤도네이","DuMOL, Wester Reach Chardonnay Russian River Valley",수육
"듀몰, 웨스터 리치 샤도네이","DuMOL, Wester Reach Chardonnay Russian River Valley",치즈
"듀몰, 웨스터 리치 샤도네이","DuMOL, Wester Reach Chardonnay Russian River Valley",탕수육
"듀몰, 웨스터 리치 샤도네이","DuMOL, Wester Reach Chardonnay Russian River Valley",바비큐
"듀몰, 웨스터 리치 피노 누아","DuMOL, Wester Reach Pinot Noir",버섯
"듀몰, 웨스터 리치 피노 누아","DuMOL, Wester Reach Pinot Noir",파스타
"듀몰, 웨스터 리치 피노 누아","DuMOL, Wester Reach Pinot Noir",치즈
"에라스, 오리건 피노 누아","Erath, Oregon Pinot Noir",바비큐
에토스 리저브 까베르네 소비뇽,Ethos Reserve Cabernet Sauvignon,파스타
에토스 리저브 까베르네 소비뇽,Ethos Reserve Cabernet Sauvignon,치즈
"파 니엔테, 나파 밸리 카버네 소비뇽","Far Niente, Napa Valley Cabernet Sauvignon",양갈비
"파 니엔테, 나파 밸리 카버네 소비뇽","Far Niente, Napa Valley Cabernet Sauvignon",라자냐
"파 니엔테, 나파 밸리 카버네 소비뇽","Far Niente, Napa Valley Cabernet Sauvignon",훈제오리
"파머스 립, 더 브레이브","Farmer's Leap, The Brave",야채
"파머스 립, 더 브레이브","Farmer's Leap, The Brave",바비큐
"파토리아 데이 바르비, 브루넬로 디 몬탈치노 '비냐 델 피오르'","Fattoria dei Barbi, Brunello di Montalcino 'Vigna del Fiore'",가금류
페더 카베르네 소비뇽,Feather Cabernet Sauvignon,치즈
페더 카베르네 소비뇽,Feather Cabernet Sauvignon,양갈비
"핀까 엘 오리엔, 말벡","Finca el Origen, Malbec",양갈비
"핀까 엘 오리엔, 말벡","Finca el Origen, Malbec",햄버거
"핀까 엘 오리엔, 말벡","Finca el Origen, Malbec",고다
"핀까 엘 오리엔, 말벡","Finca el Origen, Malbec",붉은육류
"핀까 엘 오리엔, 말벡","Finca el Origen, Malbec",그라노파다노
"핀까 엘 오리엔, 말벡","Finca el Origen, Malbec",파르미지아노
"핀까 엘 오리엔, 말벡","Finca el Origen, Malbec",에멘탈
"핀까 엘 오리엔, 말벡","Finca el Origen, Malbec",치즈
"핀까 엘 오리엔, 말벡","Finca el Origen, Malbec",피자
"핀까 엘 오리엔, 말벡","Finca el Origen, Malbec",족발
"핀까 엘 오리엔, 말벡","Finca el Origen, Malbec",바비큐
"핀까 엘 오리엔, 말벡","Finca el Origen, Malbec",건육
"핀까 엘 오리엔, 말벡","Finca el Origen, Malbec",불고기
"핀까 엘 오리엔, 말벡","Finca el Origen, Malbec",소고기
"핀까 엘 오리엔, 말벡","Finca el Origen, Malbec",스테이크
"핀까 엘 오리엔, 레세르바 까베르네 소비뇽","Finca el Origen, Reserva Cabernet Sauvignon",족발
"핀까 엘 오리엔, 레세르바 까베르네 소비뇽","Finca el Origen, Reserva Cabernet Sauvignon",블루치즈
"핀까 엘 오리엔, 레세르바 까베르네 소비뇽","Finca el Origen, Reserva Cabernet Sauvignon",브리
"핀까 엘 오리엔, 레세르바 까베르네 소비뇽","Finca el Origen, Reserva Cabernet Sauvignon",육류요리
"핀까 엘 오리엔, 레세르바 까베르네 소비뇽","Finca el Origen, Reserva Cabernet Sauvignon",피자
"핀까 엘 오리엔, 레세르바 까베르네 소비뇽","Finca el Origen, Reserva Cabernet Sauvignon",스테이크
"핀까 엘 오리엔, 레세르바 까베르네 소비뇽","Finca el Origen, Reserva Cabernet Sauvignon",양갈비
"핀까 엘 오리엔, 레세르바 까베르네 소비뇽","Finca el Origen, Reserva Cabernet Sauvignon",치즈
"핀까 엘 오리엔, 레세르바 까베르네 소비뇽","Finca el Origen, Reserva Cabernet Sauvignon",햄버거
"핀까 엘 오리엔, 레세르바 까베르네 소비뇽","Finca el Origen, Reserva Cabernet Sauvignon",불고기
"핀까 엘 오리엔, 레세르바 까베르네 소비뇽","Finca el Origen, Reserva Cabernet Sauvignon",그라노파다노
"핀까 엘 오리엔, 레세르바 까베르네 소비뇽","Finca el Origen, Reserva Cabernet Sauvignon",바비큐
"핀까 엘 오리엔, 레세르바 까베르네 소비뇽","Finca el Origen, Reserva Cabernet Sauvignon",양념갈비
"핀까 엘 오리엔, 레세르바 까베르네 소비뇽","Finca el Origen, Reserva Cabernet Sauvignon",파르미지아노
"핀까 엘 오리엔, 리세르바 말벡","Finca el Origen, Reserva Malbec",족발
"핀까 엘 오리엔, 리세르바 말벡","Finca el Origen, Reserva Malbec",치즈
"핀까 엘 오리엔, 리세르바 말벡","Finca el Origen, Reserva Malbec",양갈비
"핀까 엘 오리엔, 리세르바 말벡","Finca el Origen, Reserva Malbec",불고기
"핀까 엘 오리엔, 리세르바 말벡","Finca el Origen, Reserva Malbec",스모크
"핀까 엘 오리엔, 리세르바 말벡","Finca el Origen, Reserva Malbec",그라노파다노
"핀까 엘 오리엔, 리세르바 말벡","Finca el Origen, Reserva Malbec",그릴요리
"핀까 엘 오리엔, 리세르바 말벡","Finca el Origen, Reserva Malbec",크림치즈
"핀까 엘 오리엔, 리세르바 말벡","Finca el Origen, Reserva Malbec",고르곤졸라
"핀까 엘 오리엔, 리세르바 말벡","Finca el Origen, Reserva Malbec",바비큐
"핀까 엘 오리엔, 리세르바 말벡","Finca el Origen, Reserva Malbec",파르미지아노
"프랑소와 크로쉐, 상세르 블랑 에그질","Francois Crochet, Sancerre Blanc Exils",해산물
"프랑소와 크로쉐, 상세르 블랑 레 자무레즈","Francois Crochet, Sancerre Blanc Les Amoureuses",해산물
"프랑크 패밀리, 나파 밸리 카베르네 소비뇽","Frank Family, Napa Valley Cabernet Sauvignon",야채
"프랑크 패밀리, 나파 밸리 카베르네 소비뇽","Frank Family, Napa Valley Cabernet Sauvignon",바비큐
"프랑크 패밀리, 나파 밸리 카베르네 소비뇽","Frank Family, Napa Valley Cabernet Sauvignon",치즈
"프랑크 패밀리, 진판델 나파 밸리","Frank Family, Zinfandel Napa Valley",불고기
"프랑크 패밀리, 진판델 나파 밸리","Frank Family, Zinfandel Napa Valley",견과류
"프랑크 패밀리, 진판델 나파 밸리","Frank Family, Zinfandel Napa Valley",스테이크
"프리먼, 아키코 퀴베 피노누아","Freeman, Akiko's Cuvee Pinot Noir",육류요리
"프리먼, 아키코 퀴베 피노누아","Freeman, Akiko's Cuvee Pinot Noir",닭고기
"프리먼, 아키코 퀴베 피노누아","Freeman, Akiko's Cuvee Pinot Noir",양갈비
"프리먼, 호크힐 샤도네이","Freeman, Hawk Hill Chardonnay",새우
"프리먼, 호크힐 샤도네이","Freeman, Hawk Hill Chardonnay",카망베르
"프리먼, 호크힐 샤도네이","Freeman, Hawk Hill Chardonnay",복숭아
"프리먼, 호크힐 샤도네이","Freeman, Hawk Hill Chardonnay",견과류
"프리먼, 호크힐 샤도네이","Freeman, Hawk Hill Chardonnay",해산물
"프레스코발디, 알리에 로제","Frescobaldi, Alie Rose",연어
"프레스코발디, 알리에 로제","Frescobaldi, Alie Rose",복숭아
"프레스코발디, 카스텔지오콘도 브루넬로 디 몬탈치노","Frescobaldi, Castelgiocondo Brunello di Montalcino",파스타
"프레스코발디, 카스텔지오콘도 브루넬로 디 몬탈치노","Frescobaldi, Castelgiocondo Brunello di Montalcino",포크
"프레스코발디, 카스텔지오콘도 라마이오네","Frescobaldi, Castelgiocondo Lamaione",양고기
"프레스코발디, 카스텔지오콘도 라마이오네","Frescobaldi, Castelgiocondo Lamaione",스튜
"프레스코발디, 카스텔지오콘도 라마이오네","Frescobaldi, Castelgiocondo Lamaione",바비큐
"프레스코발디, 카스텔지오콘도 라마이오네","Frescobaldi, Castelgiocondo Lamaione",피자
"프레스코발디, 니포짜노 키안티 루피나 몬테소디","Frescobaldi, Nipozzano Chianti Rufina Riserva Montesodi",오리고기
"프레스코발디, 니포짜노 모모레토","Frescobaldi, Nipozzano Mormoreto",바비큐
"프레스코발디, 니포짜노 모모레토","Frescobaldi, Nipozzano Mormoreto",스튜
"프레스코발디, 니포짜노 모모레토","Frescobaldi, Nipozzano Mormoreto",양고기
"프레스코발디, 테누타 카스틸리오니 지라몬테","Frescobaldi, Tenuta Castiglioni Giramonte",자두
"프레스코발디, 테누타 카스틸리오니 지라몬테","Frescobaldi, Tenuta Castiglioni Giramonte",채소
"프레스코발디, 테누타 카스틸리오니 토스카나","Frescobaldi, Tenuta Castiglioni Toscana",루꼴라
"프레스코발디, 테누타 카스틸리오니 토스카나","Frescobaldi, Tenuta Castiglioni Toscana",프로슈토
"프레스코발디, 테누타 카스틸리오니 토스카나","Frescobaldi, Tenuta Castiglioni Toscana",치즈
"가야, 바르바레스코","Gaja, Barbaresco",바비큐
"가야, 바르바레스코","Gaja, Barbaresco",붉은육류
"가야, 바르바레스코","Gaja, Barbaresco",트러플
"가야, 바르바레스코","Gaja, Barbaresco",치즈
"가야, 콘테이사","Gaja, Conteisa",파스타
"가야, 콘테이사","Gaja, Conteisa",치즈
"가야, 콘테이사","Gaja, Conteisa",양갈비
"가야, 콘테이사","Gaja, Conteisa",불고기
"가야, 콘테이사","Gaja, Conteisa",바비큐
"가야, 코스타 루씨","Gaja, Costa Russi",프로슈토
"가야, 코스타 루씨","Gaja, Costa Russi",양갈비
"가야, 코스타 루씨","Gaja, Costa Russi",라자냐
"가야, 코스타 루씨","Gaja, Costa Russi",훈제오리
"가야, 로씨 바쓰","Gaja, Rossj Bass",파스타
"가야, 로씨 바쓰","Gaja, Rossj Bass",치즈
"가야, 소리 틸딘","Gaja, Sori Tildin",치즈
"자이언트 스텝스, 애플잭빈야드 샤도네이","Giant Steps, Applejack Vineyard Chardonnay",훈제오리
"자이언트 스텝스, 애플잭빈야드 샤도네이","Giant Steps, Applejack Vineyard Chardonnay",과일
"자이언트 스텝스, 애플잭빈야드 샤도네이","Giant Steps, Applejack Vineyard Chardonnay",모짜렐라
"자이언트 스텝스, 애플잭빈야드 샤도네이","Giant Steps, Applejack Vineyard Chardonnay",베이컨
"자이언트 스텝스, 애플잭빈야드 샤도네이","Giant Steps, Applejack Vineyard Chardonnay",참치
"자이언트 스텝스, 애플잭빈야드 샤도네이","Giant Steps, Applejack Vineyard Chardonnay",견과류
"자이언트 스텝스, 애플잭빈야드 샤도네이","Giant Steps, Applejack Vineyard Chardonnay",장어구이
"자이언트 스텝스, 애플잭빈야드 샤도네이","Giant Steps, Applejack Vineyard Chardonnay",수육
"자이언트 스텝스, 애플잭빈야드 샤도네이","Giant Steps, Applejack Vineyard Chardonnay",불고기
"자이언트 스텝스, 애플잭빈야드 샤도네이","Giant Steps, Applejack Vineyard Chardonnay",소시지
"자이언트 스텝스, 애플잭빈야드 샤도네이","Giant Steps, Applejack Vineyard Chardonnay",해산물
"자이언트 스텝스, 애플잭빈야드 샤도네이","Giant Steps, Applejack Vineyard Chardonnay",치즈
"자이언트 스텝스, 애플잭빈야드 샤도네이","Giant Steps, Applejack Vineyard Chardonnay",건육
"자이언트 스텝스, 애플잭빈야드 샤도네이","Giant Steps, Applejack Vineyard Chardonnay",탕수육
"자이언트 스텝스, 애플잭빈야드 샤도네이","Giant Steps, Applejack Vineyard Chardonnay",서양요리
"자이언트 스텝스, 애플잭빈야드 샤도네이","Giant Steps, Applejack Vineyard Chardonnay",동남아요리
"자이언트 스텝스, 애플잭빈야드 샤도네이","Giant Steps, Applejack Vineyard Chardonnay",바비큐
"자이언트 스텝스, 애플잭빈야드 샤도네이","Giant Steps, Applejack Vineyard Chardonnay",조개구이
"자이언트 스텝스, 애플잭빈야드 샤도네이","Giant Steps, Applejack Vineyard Chardonnay",중국요리
"자이언트 스텝스, 애플잭빈야드 샤도네이","Giant Steps, Applejack Vineyard Chardonnay",생선구이
"자이언트 스텝스, 애플잭빈야드 샤도네이","Giant Steps, Applejack Vineyard Chardonnay",파르미지아노
"자이언트 스텝스, 애플잭빈야드 샤도네이","Giant Steps, Applejack Vineyard Chardonnay",그라노파다노
"자이언트 스텝스, 애플잭빈야드 샤도네이","Giant Steps, Applejack Vineyard Chardonnay",양꼬치
"자이언트 스텝스, 애플잭빈야드 샤도네이","Giant Steps, Applejack Vineyard Chardonnay",찜닭
"자이언트 스텝스, 애플잭빈야드 샤도네이","Giant Steps, Applejack Vineyard Chardonnay",편육
"자이언트 스텝스, 애플잭빈야드 샤도네이","Giant Steps, Applejack Vineyard Chardonnay",닭강정
"자이언트 스텝스, 애플잭빈야드 샤도네이","Giant Steps, Applejack Vineyard Chardonnay",크림파스타
"자이언트 스텝스, 애플잭빈야드 샤도네이","Giant Steps, Applejack Vineyard Chardonnay",아시아요리
"자이언트 스텝스, 섹스톤 빈야드 피노 누아","Giant Steps, Sexton Vineyard Pinot Noir",족발
"자이언트 스텝스, 섹스톤 빈야드 피노 누아","Giant Steps, Sexton Vineyard Pinot Noir",까르파치오
"자이언트 스텝스, 섹스톤 빈야드 피노 누아","Giant Steps, Sexton Vineyard Pinot Noir",피자
"자이언트 스텝스, 섹스톤 빈야드 피노 누아","Giant Steps, Sexton Vineyard Pinot Noir",찜닭
"자이언트 스텝스, 섹스톤 빈야드 피노 누아","Giant Steps, Sexton Vineyard Pinot Noir",로스트비프
"자이언트 스텝스, 섹스톤 빈야드 피노 누아","Giant Steps, Sexton Vineyard Pinot Noir",카망베르
"자이언트 스텝스, 섹스톤 빈야드 피노 누아","Giant Steps, Sexton Vineyard Pinot Noir",크림치즈
"자이언트 스텝스, 섹스톤 빈야드 피노 누아","Giant Steps, Sexton Vineyard Pinot Noir",그라노파다노
"자이언트 스텝스, 섹스톤 빈야드 피노 누아","Giant Steps, Sexton Vineyard Pinot Noir",파르미지아노
"자이언트 스텝스, 섹스톤 빈야드 피노 누아","Giant Steps, Sexton Vineyard Pinot Noir",보쌈
"자이언트 스텝스, 섹스톤 빈야드 피노 누아","Giant Steps, Sexton Vineyard Pinot Noir",크림파스타
"자이언트 스텝스, 섹스톤 빈야드 피노 누아","Giant Steps, Sexton Vineyard Pinot Noir",견과류
"자이언트 스텝스, 섹스톤 빈야드 피노 누아","Giant Steps, Sexton Vineyard Pinot Noir",불고기
"자이언트 스텝스, 섹스톤 빈야드 피노 누아","Giant Steps, Sexton Vineyard Pinot Noir",양고기
"자이언트 스텝스, 섹스톤 빈야드 피노 누아","Giant Steps, Sexton Vineyard Pinot Noir",버섯
"자이언트 스텝스, 섹스톤 빈야드 피노 누아","Giant Steps, Sexton Vineyard Pinot Noir",건육
"자이언트 스텝스, 섹스톤 빈야드 피노 누아","Giant Steps, Sexton Vineyard Pinot Noir",훈제오리
"자이언트 스텝스, 섹스톤 빈야드 피노 누아","Giant Steps, Sexton Vineyard Pinot Noir",랍스터
"자이언트 스텝스, 섹스톤 빈야드 피노 누아","Giant Steps, Sexton Vineyard Pinot Noir",바비큐
"지라드, 까베르네 소비뇽","Girard, Cabernet Sauvignon",스테이크
"지라드, 까베르네 소비뇽","Girard, Cabernet Sauvignon",치즈
"지울리오 페라리, 리세르바","Giulio Ferrari, Riserva del Fondatore",아페리티프
"쥬세페 코르테제, 바르바레스코","Giuseppe Cortese, Barbaresco",훈제오리
"쥬세페 코르테제, 바르바레스코","Giuseppe Cortese, Barbaresco",양갈비
"쥬세페 코르테제, 바르바레스코","Giuseppe Cortese, Barbaresco",치즈
"쥬세페 코르테제, 바르바레스코","Giuseppe Cortese, Barbaresco",바비큐
"쥬세페 코르테제, 바르바레스코","Giuseppe Cortese, Barbaresco",트러플
"쥬세페 코르테제, 바르바레스코 라바야","Giuseppe Cortese, Barbaresco Rabaja",치킨
"쥬세페 코르테제, 바르바레스코 라바야","Giuseppe Cortese, Barbaresco Rabaja",치즈
"쥬세페 코르테제, 바르바레스코 라바야","Giuseppe Cortese, Barbaresco Rabaja",양갈비
"쥬세페 코르테제, 바르바레스코 라바야","Giuseppe Cortese, Barbaresco Rabaja",붉은육류
고 투 어 '일라운',Go To a 'Iraun',파스타
"그랜드 나파, 마스터 레드","Grand Napa, Master Red",양갈비
"그랜드 나파, 마스터 레드","Grand Napa, Master Red",치즈
"그랜드 나파, 마스터 레드","Grand Napa, Master Red",파스타
"그랜드 나파, 마스터 레드","Grand Napa, Master Red",보쌈
"그랜드 나파, 마스터 레드","Grand Napa, Master Red",서양요리
"그랜드 나파, 마스터 레드","Grand Napa, Master Red",브리
"그랜드 나파, 마스터 레드","Grand Napa, Master Red",양고기
"그랜드 나파, 마스터 레드","Grand Napa, Master Red",족발
"그랜드 나파, 마스터 레드","Grand Napa, Master Red",스테이크
"그랜드 나파, 마스터 레드","Grand Napa, Master Red",햄버거
"그랜드 나파, 마스터 레드","Grand Napa, Master Red",소고기
"그랜드 나파, 마스터 레드","Grand Napa, Master Red",불고기
"그랜드 나파, 마스터 레드","Grand Napa, Master Red",페타
"그랜드 나파, 마스터 레드","Grand Napa, Master Red",한식
"그랜드 나파, 마스터 레드","Grand Napa, Master Red",한국음식
"그랜드 나파, 마스터 레드","Grand Napa, Master Red",자두
"그랜드 나파, 마스터 레드","Grand Napa, Master Red",스모크
"그랜드 나파, 오크빌 카베르네 소비뇽","Grand Napa, Oakville Cabernet Sauvignon",치즈
"그랜드 나파, 오크빌 카베르네 소비뇽","Grand Napa, Oakville Cabernet Sauvignon",꽁떼
"그랜드 나파, 오크빌 카베르네 소비뇽","Grand Napa, Oakville Cabernet Sauvignon",블루치즈
"그랜드 나파, 오크빌 카베르네 소비뇽","Grand Napa, Oakville Cabernet Sauvignon",그라노파다노
"그랜드 나파, 오크빌 카베르네 소비뇽","Grand Napa, Oakville Cabernet Sauvignon",한국음식
"그랜드 나파, 오크빌 카베르네 소비뇽","Grand Napa, Oakville Cabernet Sauvignon",바비큐
"그랜드 나파, 오크빌 카베르네 소비뇽","Grand Napa, Oakville Cabernet Sauvignon",불고기
"그랜드 나파, 오크빌 카베르네 소비뇽","Grand Napa, Oakville Cabernet Sauvignon",갈비찜
"그랜드 나파, 오크빌 카베르네 소비뇽","Grand Napa, Oakville Cabernet Sauvignon",파스타
"그랜드 나파, 오크빌 카베르네 소비뇽","Grand Napa, Oakville Cabernet Sauvignon",양고기
"그랜드 나파, 오크빌 카베르네 소비뇽","Grand Napa, Oakville Cabernet Sauvignon",족발
"그랜드 나파, 오크빌 카베르네 소비뇽","Grand Napa, Oakville Cabernet Sauvignon",스테이크
"그랜드 나파, 오크빌 카베르네 소비뇽","Grand Napa, Oakville Cabernet Sauvignon",양갈비
"그랜드 나파, 오크빌 카베르네 소비뇽","Grand Napa, Oakville Cabernet Sauvignon",소고기
"그랜드 나파, 오크빌 카베르네 소비뇽","Grand Napa, Oakville Cabernet Sauvignon",햄버거
"그라티엔 & 메이어, 끌레망 드 루아르 브뤼","Gratien & Meyer, Cremant de Loire Brut",해산물
"그로브 밀, 소비뇽 블랑","Grove Mill, Sauvignon Blanc",샐러드
"그로브 밀, 소비뇽 블랑","Grove Mill, Sauvignon Blanc",해산물
"하멜 패밀리 와인스, 이스무스","Hamel Family Wines, Isthmus",양념갈비
"하멜 패밀리 와인스, 이스무스","Hamel Family Wines, Isthmus",체더
"하멜 패밀리 와인스, 이스무스","Hamel Family Wines, Isthmus",브리
"하멜 패밀리 와인스, 이스무스","Hamel Family Wines, Isthmus",에멘탈
"하멜 패밀리 와인스, 이스무스","Hamel Family Wines, Isthmus",등심
"하멜 패밀리 와인스, 이스무스","Hamel Family Wines, Isthmus",자두
"하멜 패밀리 와인스, 이스무스","Hamel Family Wines, Isthmus",소고기
"하멜 패밀리 와인스, 이스무스","Hamel Family Wines, Isthmus",갈비찜
"하멜 패밀리 와인스, 이스무스","Hamel Family Wines, Isthmus",양갈비
"하멜 패밀리 와인스, 이스무스","Hamel Family Wines, Isthmus",로크포르
"하멜 패밀리 와인스, 이스무스","Hamel Family Wines, Isthmus",스테이크
"하멜 패밀리 와인스, 이스무스","Hamel Family Wines, Isthmus",양고기
"하멜 패밀리 와인스, 이스무스","Hamel Family Wines, Isthmus",리조또
"하멜 패밀리 와인스, 이스무스","Hamel Family Wines, Isthmus",치즈
"하멜 패밀리 와인스, 이스무스","Hamel Family Wines, Isthmus",라자냐
"하멜 패밀리 와인스, 이스무스","Hamel Family Wines, Isthmus",토마토파스타
"하이츠 셀라, Lot C-91 카베르네 소비뇽","Heitz Cellar, Lot C-91 Cabernet Sauvignon",양갈비
"하이츠 셀라, Lot C-91 카베르네 소비뇽","Heitz Cellar, Lot C-91 Cabernet Sauvignon",치즈
"후버, 리슬링 엔젤스베르크","Huber, Riesling Engelsberg",연어
"허드슨 빈야드, 카네로스 샤도네이","Hudson Vineyards, Carneros Chardonnay",파스타
"허드슨 빈야드, 카네로스 샤도네이","Hudson Vineyards, Carneros Chardonnay",치즈
"휴 해밀턴, 에이전트 프로바케터","Hugh Hamilton, Agent Provocateur",치즈
"휴 해밀턴, 에이전트 프로바케터","Hugh Hamilton, Agent Provocateur",바비큐
"휴 해밀턴, 에이전트 프로바케터","Hugh Hamilton, Agent Provocateur",양념갈비
"위레 프레르, 떼르 나딸 엑스트라 브뤼","Hure Freres, Terre Natal Extra Brut",복숭아
"일 보로, 로제 델 보로","Il Borro, Rose del Borro",닭강정
"일 보로, 로제 델 보로","Il Borro, Rose del Borro",꼬치구이
"일 보로, 로제 델 보로","Il Borro, Rose del Borro",양꼬치
"일 보로, 로제 델 보로","Il Borro, Rose del Borro",샐러드
"일 보로, 로제 델 보로","Il Borro, Rose del Borro",크림치즈
"일 보로, 로제 델 보로","Il Borro, Rose del Borro",오일파스타
"일 보로, 로제 델 보로","Il Borro, Rose del Borro",편육
"일 보로, 로제 델 보로","Il Borro, Rose del Borro",떡볶이
"일 보로, 로제 델 보로","Il Borro, Rose del Borro",후라이드
"일 보로, 로제 델 보로","Il Borro, Rose del Borro",해산물
"일 보로, 로제 델 보로","Il Borro, Rose del Borro",치즈
"일 보로, 로제 델 보로","Il Borro, Rose del Borro",피자
"일 보로, 로제 델 보로","Il Borro, Rose del Borro",치킨
"일 보로, 로제 델 보로","Il Borro, Rose del Borro",모짜렐라
"일 보로, 로제 델 보로","Il Borro, Rose del Borro",건육
"일 보로, 로제 델 보로","Il Borro, Rose del Borro",식전주
"이노바투스, 카베르네 소비뇽 나파밸리","Innovatus, Cabernet Sauvignon Napa Valley",불고기
"이노바투스, 카베르네 소비뇽 나파밸리","Innovatus, Cabernet Sauvignon Napa Valley",스테이크
"이스티네, 키안티 클라시코","Istine, Chianti Classico",족발
"이스티네, 키안티 클라시코","Istine, Chianti Classico",자두
"이스티네, 키안티 클라시코","Istine, Chianti Classico",트러플
"이스티네, 키안티 클라시코 리제르바 '레비녜'","Istine, Chianti Classico Riserva 'Levigne'",트러플
"이스티네, 키안티 클라시코 리제르바 '레비녜'","Istine, Chianti Classico Riserva 'Levigne'",족발
"이스티네, 키안티 클라시코 리제르바 '레비녜'","Istine, Chianti Classico Riserva 'Levigne'",자두
제이 윌크스 까베르네 소비뇽,J.Wilkes Cabernet Sauvignon,버섯
제이 윌크스 까베르네 소비뇽,J.Wilkes Cabernet Sauvignon,스테이크
제이 윌크스 까베르네 소비뇽,J.Wilkes Cabernet Sauvignon,양고기
"잼 셀러즈, 버터 샤도네이 캘리포니아","JaM Cellars, Butter Chardonnay California",치즈
"잼 셀러즈, 버터 샤도네이 캘리포니아","JaM Cellars, Butter Chardonnay California",수육
"잼 셀러즈, 버터 샤도네이 캘리포니아","JaM Cellars, Butter Chardonnay California",탕수육
"잼 셀러즈, 버터 샤도네이 캘리포니아","JaM Cellars, Butter Chardonnay California",바비큐
"쟝 마크 브와이요, 풀리니 몽라쉐","Jean Marc Boilllot, Puligny Montrachet",해산물
"쟝 마크 브와이요, 풀리니 몽라쉐","Jean Marc Boilllot, Puligny Montrachet",치즈
"조셉 칼, 카베르네 소비뇽","Joseph Carr, Cabernet Sauvignon",스테이크
"조셉 칼, 샤도네이","Joseph Carr, Chardonnay",복숭아
"조셉 칼, 샤도네이","Joseph Carr, Chardonnay",샐러드
"조셉 칼, 샤도네이","Joseph Carr, Chardonnay",해산물
"조셉 페리에, 뀌베 로얄 브뤼","Joseph Perrier, Cuvee Royal Brut",생선회
"조셉 페리에, 뀌베 로얄 브뤼","Joseph Perrier, Cuvee Royal Brut",새우
"조셉 페리에, 뀌베 로얄 뀌베 조세핀","Joseph Perrier, Cuvee Royal Cuvee Josephin",견과류
"조셉 페리에, 뀌베 로얄 뀌베 조세핀","Joseph Perrier, Cuvee Royal Cuvee Josephin",과일
"조쉬, 카베르네 소비뇽","Josh, Cabernet Sauvignon",스테이크
"조쉬, 샤르도네","Josh, Chardonnay",복숭아
"조쉬, 샤르도네","Josh, Chardonnay",파스타
"조쉬, 샤르도네","Josh, Chardonnay",새우
"조쉬, 샤르도네","Josh, Chardonnay",야채
"조쉬, 노스 코스트 리저브 샤르도네","Josh, North Coast Reserve Chardonnay",치즈
"조쉬, 노스 코스트 리저브 샤르도네","Josh, North Coast Reserve Chardonnay",복숭아
"조쉬, 노스 코스트 리저브 샤르도네","Josh, North Coast Reserve Chardonnay",치킨
"조쉬, 노스 코스트 리저브 샤르도네","Josh, North Coast Reserve Chardonnay",파스타
"켄 라이트 셀러즈, 오릭 피노 누아","Ken Wright Cellars, Auric Pinot Noir",닭고기
"켄 라이트 셀러즈, 오릭 피노 누아","Ken Wright Cellars, Auric Pinot Noir",편육
"켄 라이트 셀러즈, 오릭 피노 누아","Ken Wright Cellars, Auric Pinot Noir",치즈
"켄 라이트 셀러즈, 오릭 피노 누아","Ken Wright Cellars, Auric Pinot Noir",모짜렐라
"켄 라이트 셀러즈, 오릭 피노 누아","Ken Wright Cellars, Auric Pinot Noir",장어구이
"켄 라이트 셀러즈, 오릭 피노 누아","Ken Wright Cellars, Auric Pinot Noir",생선찜
"켄 라이트 셀러즈, 오릭 피노 누아","Ken Wright Cellars, Auric Pinot Noir",불고기
"켄 라이트 셀러즈, 오릭 피노 누아","Ken Wright Cellars, Auric Pinot Noir",건육
"켄 라이트 셀러즈, 오릭 피노 누아","Ken Wright Cellars, Auric Pinot Noir",바비큐
"켄 라이트 셀러즈, 오릭 피노 누아","Ken Wright Cellars, Auric Pinot Noir",오리고기
"켄 라이트 셀러즈, 오릭 피노 누아","Ken Wright Cellars, Auric Pinot Noir",생선구이
"켄 라이트 셀러즈, 오릭 피노 누아","Ken Wright Cellars, Auric Pinot Noir",양꼬치
"켄 라이트 셀러즈, 오릭 피노 누아","Ken Wright Cellars, Auric Pinot Noir",크림치즈
"켄 라이트 셀러즈, 오릭 피노 누아","Ken Wright Cellars, Auric Pinot Noir",오일파스타
"켄 라이트 셀러즈, 오릭 피노 누아","Ken Wright Cellars, Auric Pinot Noir",로스트비프
"켄 라이트 셀러즈, 오릭 피노 누아","Ken Wright Cellars, Auric Pinot Noir",콩테
"켄 라이트 셀러즈, 피노 누아","Ken Wright Cellars, Pinot Noir",버섯
"켄 라이트 셀러즈, 피노 누아","Ken Wright Cellars, Pinot Noir",치즈
"켄 라이트 셀러즈, 피노 누아","Ken Wright Cellars, Pinot Noir",파스타
"캔우드, 더 반 피노누아","Kenwood, The Barn Pinot Noir",돼지
"캔우드, 더 반 피노누아","Kenwood, The Barn Pinot Noir",자두
"코코모, 진판델 드라이 크릭 밸리","Kokomo, Zinfandel Dry Creek Valley",자두
"레꼴 No 41, 슈냉 블랑 올드 바인","L'Ecole No 41, Chenin Blanc Old Vines",전채요리
"레꼴 No 41, 슈냉 블랑 올드 바인","L'Ecole No 41, Chenin Blanc Old Vines",치즈
"레꼴 No 41, 슈냉 블랑 올드 바인","L'Ecole No 41, Chenin Blanc Old Vines",파스타
"레꼴 No 41, 콜럼비아 밸리 샤도네이","L'Ecole No 41, Columbia Valley Chardonnay",만두
"레꼴 No 41, 콜럼비아 밸리 샤도네이","L'Ecole No 41, Columbia Valley Chardonnay",탕수육
"레꼴 No 41, 콜럼비아 밸리 샤도네이","L'Ecole No 41, Columbia Valley Chardonnay",중국요리
"레꼴 No 41, 콜럼비아 밸리 샤도네이","L'Ecole No 41, Columbia Valley Chardonnay",오리로스
"레꼴 No 41, 콜럼비아 밸리 샤도네이","L'Ecole No 41, Columbia Valley Chardonnay",생선찜
"레꼴 No 41, 콜럼비아 밸리 샤도네이","L'Ecole No 41, Columbia Valley Chardonnay",수육
"레꼴 No 41, 콜럼비아 밸리 샤도네이","L'Ecole No 41, Columbia Valley Chardonnay",닭고기
"레꼴 No 41, 콜럼비아 밸리 샤도네이","L'Ecole No 41, Columbia Valley Chardonnay",새우
"레꼴 No 41, 콜럼비아 밸리 샤도네이","L'Ecole No 41, Columbia Valley Chardonnay",순대
"레꼴 No 41, 콜럼비아 밸리 샤도네이","L'Ecole No 41, Columbia Valley Chardonnay",해산물
"레꼴 No 41, 콜럼비아 밸리 샤도네이","L'Ecole No 41, Columbia Valley Chardonnay",생선구이
"레꼴 No 41, 콜럼비아 밸리 샤도네이","L'Ecole No 41, Columbia Valley Chardonnay",오일파스타
"라 크레마, 러시안 리버 밸리 피노 누아","La Crema, Russian River Valley Pinot Noir",버섯
"라 크레마, 러시안 리버 밸리 피노 누아","La Crema, Russian River Valley Pinot Noir",치즈
"라 크레마, 러시안 리버 밸리 피노 누아","La Crema, Russian River Valley Pinot Noir",파스타
"라 크레마, 소노마 코스트 피노 누아","La Crema, Sonoma Coast Pinot Noir",가금류
"라 크레마, 소노마 코스트 피노 누아","La Crema, Sonoma Coast Pinot Noir",치즈
"라 크레마, 소노마 코스트 피노 누아","La Crema, Sonoma Coast Pinot Noir",육류요리
"라 포데리나, 로쏘 디 몬탈치노","La Poderina, Rosso di Montalcino",샐러드
"라 포데리나, 로쏘 디 몬탈치노","La Poderina, Rosso di Montalcino",치즈
"라 포데리나, 로쏘 디 몬탈치노","La Poderina, Rosso di Montalcino",바비큐
"라 스피네따, 키안티 리제르바","La Spinetta, Chianti Riserva",치즈
"라 스피네따, 키안티 리제르바","La Spinetta, Chianti Riserva",자두
"레일 빈야드, 블루 프린트 나파 밸리 소비뇽 블랑","Lail Vineyards, Blue Print Napa Valley Sauvignon Blanc",생선회
"라포스톨, 뀌베 알렉상드르 까베르네 소비뇽","Lapostolle, Cuvee Alexandre Cabernet Sauvignon",햄
"라포스톨, 뀌베 알렉상드르 까베르네 소비뇽","Lapostolle, Cuvee Alexandre Cabernet Sauvignon",양고기
"라포스톨, 라 팔셀 8","Lapostolle, La Parcelle 8",돼지
"라포스톨, 라 팔셀 8","Lapostolle, La Parcelle 8",갈비찜
"라포스톨, 라 팔셀 8","Lapostolle, La Parcelle 8",스테이크
"로랑 페리에, 뀌베 로제 브뤼","Laurent Perrier, Cuvee Rose Brut",새우
"로랑 페리에, 뀌베 로제 브뤼","Laurent Perrier, Cuvee Rose Brut",치즈
"로랑 페리에, 뀌베 로제 브뤼","Laurent Perrier, Cuvee Rose Brut",과일
"로랑 페리에, 뀌베 로제 브뤼","Laurent Perrier, Cuvee Rose Brut",디저트
"로랑 페리에, 그랑 시에클","Laurent Perrier, Grand Siecle",가금류
"로랑 페리에, 그랑 시에클","Laurent Perrier, Grand Siecle",버섯
"로랑 페리에, 그랑 시에클","Laurent Perrier, Grand Siecle",농어
"로랑 페리에, 하모니 드미 섹","Laurent Perrier, Harmony Demi Sec",디저트
"로랑 페리에, 라 뀌베 브뤼","Laurent Perrier, La Cuvee Brut",식전주
"로랑 페리에, 라 뀌베 브뤼","Laurent Perrier, La Cuvee Brut",복숭아
"로랑 페리에, 라 뀌베 브뤼","Laurent Perrier, La Cuvee Brut",해산물
"로랑 페리에, 라 뀌베 브뤼","Laurent Perrier, La Cuvee Brut",가금류
"로랑 페리에, 빈티지 브뤼","Laurent Perrier, Vintage Brut",가금류
"로랑 페리에, 빈티지 브뤼","Laurent Perrier, Vintage Brut",송아지
"리비오 펠루가, 테레 알테","Livio Felluga, Terre Alte",치즈
"리비오 펠루가, 테레 알테","Livio Felluga, Terre Alte",야채
"리비오 펠루가, 테레 알테","Livio Felluga, Terre Alte",리조또
"로렌조 데 아그렐로, 로벤디토 말벡","Lorenzo de Agrelo, LoBendito Malbec",자두
"로렌조 데 아그렐로, 로벤디토 말벡","Lorenzo de Agrelo, LoBendito Malbec",버섯
"로렌조 데 아그렐로, 로벤디토 말벡","Lorenzo de Agrelo, LoBendito Malbec",견과류
"로렌조 데 아그렐로, 로벤디토 말벡","Lorenzo de Agrelo, LoBendito Malbec",양갈비
"로르나노, 키안티 클라시코 그란 셀레지오네","Lornano, Chianti Classico Gran Selezione",자두
"로르나노, 키안티 클라시코 그란 셀레지오네","Lornano, Chianti Classico Gran Selezione",양고기
"로르나노, 키안티 클라시코 그란 셀레지오네","Lornano, Chianti Classico Gran Selezione",치즈
"로르나노, 키안티 클라시코 그란 셀레지오네","Lornano, Chianti Classico Gran Selezione",파스타
"로르나노, 키안티 클라시코 레제르바 '레 반디트'","Lornano, Chianti Classico Reserva 'Le Bandite'",파스타
"로르나노, 키안티 클라시코 레제르바 '레 반디트'","Lornano, Chianti Classico Reserva 'Le Bandite'",트러플
"로르나노, 키안티 클라시코 레제르바 '레 반디트'","Lornano, Chianti Classico Reserva 'Le Bandite'",스테이크
"로르나노, 키안티 클라시코 레제르바 '레 반디트'","Lornano, Chianti Classico Reserva 'Le Bandite'",치즈
"로스 바스코스, 카베르네 쇼비뇽","Los Vascos, Cabernet Sauvignon",치즈
"로스 바스코스, 카베르네 쇼비뇽","Los Vascos, Cabernet Sauvignon",양고기
"로스 바스코스, 카베르네 쇼비뇽","Los Vascos, Cabernet Sauvignon",자두
"로스 바스코스, 샤도네이","Los Vascos, Chardonnay",닭고기
"로스 바스코스, 샤도네이","Los Vascos, Chardonnay",치즈
"로스 바스코스, 샤도네이","Los Vascos, Chardonnay",샐러드
"로스 바스코스, 크로마스 까베르네 소비뇽","Los Vascos, Cromas Cabernet Sauvignon",버섯
"로스 바스코스, 크로마스 까르미네르","Los Vascos, Cromas Carmenere",자두
"로스 바스코스, 크로마스 까르미네르","Los Vascos, Cromas Carmenere",치즈
"로스 바스코스, 크로마스 까르미네르","Los Vascos, Cromas Carmenere",리조또
"로스 바스코스, 르 디스","Los Vascos, Le Dix",자두
"로스 바스코스, 르 디스","Los Vascos, Le Dix",양갈비
"로스 바스코스, 르 디스","Los Vascos, Le Dix",치즈
"로스 바스코스, 로제","Los Vascos, Rose",닭고기
"로스 바스코스, 로제","Los Vascos, Rose",치즈
"로스 바스코스, 로제","Los Vascos, Rose",샐러드
"로스 바스코스, 소비뇽 블랑","Los Vascos, Sauvignon Blanc",치즈
"로스 바스코스, 소비뇽 블랑","Los Vascos, Sauvignon Blanc",샐러드
"로스 바스코스, 소비뇽 블랑","Los Vascos, Sauvignon Blanc",닭고기
"로스 바스코스, 소비뇽 블랑","Los Vascos, Sauvignon Blanc",아페리티프
"루이 마티니, 로트 넘버 원 까베르네 소비뇽","Louis M. Martini, Napa Valley Lot No.1 Cabernet Sauvignon",스테이크
"루이 마티니, 로트 넘버 원 까베르네 소비뇽","Louis M. Martini, Napa Valley Lot No.1 Cabernet Sauvignon",양고기
"루이 마티니, 로트 넘버 원 까베르네 소비뇽","Louis M. Martini, Napa Valley Lot No.1 Cabernet Sauvignon",치즈
"루이 로드레, 크리스탈","Louis Roederer, Cristal",치킨
"루이 로드레, 크리스탈","Louis Roederer, Cristal",치즈
"루이 로드레, 크리스탈","Louis Roederer, Cristal",해산물
"엠 샤푸티에, 데샹트 생 조셉 '아티스트 레이블'","M. Chapoutier, Deschants Saint Joseph",치즈
"엠 샤푸티에, 지공다스","M. Chapoutier, Gigondas",채소
"엠 샤푸티에, 지공다스","M. Chapoutier, Gigondas",치즈
"메종 까밀 지로, 부르고뉴 샤도네이","Maison Camille Giroud, Bourgogne Chardonnay",가금류
"메종 까밀 지로, 부르고뉴 샤도네이","Maison Camille Giroud, Bourgogne Chardonnay",치즈
"메종 까밀 지로, 샤샤뉴 몽라쉐 프리미에 크뤼 레 베르제","Maison Camille Giroud, Chassagne Montrachet 1er Cru Les Vergers",해산물
"메종 까밀 지로, 샤샤뉴 몽라쉐 프리미에 크뤼 레 베르제","Maison Camille Giroud, Chassagne Montrachet 1er Cru Les Vergers",치즈
"말도나도, 로스 올리보스 샤도네이","Maldonado, Los Olivos VIneyard Chardonnay",수육
"말도나도, 로스 올리보스 샤도네이","Maldonado, Los Olivos VIneyard Chardonnay",탕수육
"말도나도, 로스 올리보스 샤도네이","Maldonado, Los Olivos VIneyard Chardonnay",치즈
"말도나도, 로스 올리보스 샤도네이","Maldonado, Los Olivos VIneyard Chardonnay",바비큐
"말도나도, 파 빈야드 샤도네이","Maldonado, Parr Vineyard, Chardonnay",샐러드
"말도나도, 파 빈야드 샤도네이","Maldonado, Parr Vineyard, Chardonnay",해산물
"말도나도, 파 빈야드 샤도네이","Maldonado, Parr Vineyard, Chardonnay",치즈
"마퀴스, 그랑 리제르바 까베르네 소비뇽","Maquis, Gran Reserva Cabernet Sauvignon",파스타
"마퀴스, 그랑 리제르바 까베르네 소비뇽","Maquis, Gran Reserva Cabernet Sauvignon",스튜
"마퀴스, 그랑 리제르바 까베르네 소비뇽","Maquis, Gran Reserva Cabernet Sauvignon",참치
"마퀴스, 그랑 리제르바 까베르네 소비뇽","Maquis, Gran Reserva Cabernet Sauvignon",양고기
"마퀴스, 그랑 리제르바 까베르네 소비뇽","Maquis, Gran Reserva Cabernet Sauvignon",치즈
"마퀴스, 그랑 리제르바 까베르네 소비뇽","Maquis, Gran Reserva Cabernet Sauvignon",돼지
"마퀴스, 그랑 리제르바 까베르네 소비뇽","Maquis, Gran Reserva Cabernet Sauvignon",자두
"마퀴스, 그랑 리제르바 로제","Maquis, Gran Reserva Rose",파스타
"마퀴스, 그랑 리제르바 로제","Maquis, Gran Reserva Rose",치즈
"마퀴스, 리엔","Maquis, Lien",치즈
"마르 데 프라데스, 알바리뇨 아틀란티코","Mar de Frades, Albarino Atlantico",에푸아쓰
"마르 데 프라데스, 알바리뇨 아틀란티코","Mar de Frades, Albarino Atlantico",해산물
"마르 데 프라데스, 알바리뇨 아틀란티코","Mar de Frades, Albarino Atlantico",치즈
"마르 데 프라데스, 알바리뇨 아틀란티코","Mar de Frades, Albarino Atlantico",잡채
"마르 데 프라데스, 알바리뇨 아틀란티코","Mar de Frades, Albarino Atlantico",돼지고기
"마르 데 프라데스, 알바리뇨 아틀란티코","Mar de Frades, Albarino Atlantico",항정살
"마르 데 프라데스, 알바리뇨 아틀란티코","Mar de Frades, Albarino Atlantico",닭강정
"마르 데 프라데스, 알바리뇨 아틀란티코","Mar de Frades, Albarino Atlantico",콩테
"마르 데 프라데스, 알바리뇨 아틀란티코","Mar de Frades, Albarino Atlantico",조개구이
"마르 데 프라데스, 알바리뇨 아틀란티코","Mar de Frades, Albarino Atlantico",꼬치구이
"마르 데 프라데스, 알바리뇨 아틀란티코","Mar de Frades, Albarino Atlantico",건육
"마르 데 프라데스, 알바리뇨 아틀란티코","Mar de Frades, Albarino Atlantico",탕수육
"마르 데 프라데스, 알바리뇨 아틀란티코","Mar de Frades, Albarino Atlantico",비빔밥
마르셀 다이스 알텐베르그 드 베르그하임 그랑 크뤼,Marcel Deiss Altenberg de Bergheim Grand Cru,복숭아
마르셀 다이스 알텐베르그 드 베르그하임 그랑 크뤼,Marcel Deiss Altenberg de Bergheim Grand Cru,식전주
마르셀 다이스 알텐베르그 드 베르그하임 그랑 크뤼,Marcel Deiss Altenberg de Bergheim Grand Cru,치즈
마르셀 다이스 알텐베르그 드 베르그하임 그랑 크뤼,Marcel Deiss Altenberg de Bergheim Grand Cru,양고기
마르셀 다이스 알텐베르그 드 베르그하임 그랑 크뤼,Marcel Deiss Altenberg de Bergheim Grand Cru,푸아그라
"마리마, 라 마시아 샤도네이","Marimar, La Masia Chardonnay",랍스터
"마리마, 라 마시아 샤도네이","Marimar, La Masia Chardonnay",연어
"마리마, 라 마시아 샤도네이","Marimar, La Masia Chardonnay",가금류
마르따스 파인 루비 포트,Martha's Fine Ruby Port,치즈
마르따스 파인 루비 포트,Martha's Fine Ruby Port,자두
마르따스 파인 토니 포트,Martha's Fine Tawny Port,푸아그라
마르따스 파인 토니 포트,Martha's Fine Tawny Port,과일
마르따스 파인 토니 포트,Martha's Fine Tawny Port,치즈
"마시, 브롤로 캄포피오린 오로","Masi, Brolo Campofiorin Oro",자두
"마시, 브롤로 캄포피오린 오로","Masi, Brolo Campofiorin Oro",탕수육
"마시, 브롤로 캄포피오린 오로","Masi, Brolo Campofiorin Oro",수육
"마시, 브롤로 캄포피오린 오로","Masi, Brolo Campofiorin Oro",과일
"마스트로베라르디노, 라디치 타우라시","Mastroberardino, Radici Taurasi",건육
"마스트로베라르디노, 라디치 타우라시","Mastroberardino, Radici Taurasi",불고기
"마스트로베라르디노, 라디치 타우라시","Mastroberardino, Radici Taurasi",동남아요리
"마스트로베라르디노, 라디치 타우라시","Mastroberardino, Radici Taurasi",붉은육류
"마스트로베라르디노, 라디치 타우라시","Mastroberardino, Radici Taurasi",아시아요리
"마스트로베라르디노, 라디치 타우라시","Mastroberardino, Radici Taurasi",그라노파다노
"마스트로베라르디노, 라디치 타우라시","Mastroberardino, Radici Taurasi",양념갈비
"마스트로베라르디노, 라디치 타우라시","Mastroberardino, Radici Taurasi",자두
"마스트로베라르디노, 라디치 타우라시","Mastroberardino, Radici Taurasi",파스타
"마스트로베라르디노, 라디치 타우라시","Mastroberardino, Radici Taurasi",치즈
"마스트로베라르디노, 라디치 타우라시","Mastroberardino, Radici Taurasi",피자
"마스트로베라르디노, 라디치 타우라시","Mastroberardino, Radici Taurasi",스테이크
"마스트로베라르디노, 라디치 타우라시","Mastroberardino, Radici Taurasi",양갈비
"마스트로베라르디노, 라디치 타우라시","Mastroberardino, Radici Taurasi",소고기
"마스트로베라르디노, 라디치 타우라시","Mastroberardino, Radici Taurasi",파르미지아노
"메이오미, 피노 누아","Meiomi, Pinot Noir",치즈
"메이오미, 피노 누아","Meiomi, Pinot Noir",양고기
"메이오미, 피노 누아","Meiomi, Pinot Noir",칠면조
"멜카, 메케라 나이츠 밸리 레드","Melka, Mekerra Knights Valley Red",훈제오리
"멜카, 메케라 나이츠 밸리 레드","Melka, Mekerra Knights Valley Red",한국음식
"멜카, 메티스 점핑고트 빈야드 나파 밸리","Melka, Metisse Jumping Goat Vineyard Napa Valley",치즈
"멜카, 메티스 점핑고트 빈야드 나파 밸리","Melka, Metisse Jumping Goat Vineyard Napa Valley",양갈비
"멜카, 메티스 마티네즈 빈야드 나파 밸리","Melka, Metisse Marinez Vineyard Napa Valley",치즈
"멜카, 메티스 마티네즈 빈야드 나파 밸리","Melka, Metisse Marinez Vineyard Napa Valley",양갈비
"메리 에드워즈, 피노 누아 러시안 리버 밸리","Merry Edwards, Pinot Noir Russian River Valley",치즈
"메리 에드워즈, 피노 누아 러시안 리버 밸리","Merry Edwards, Pinot Noir Russian River Valley",로스트비프
"메리 에드워즈, 피노 누아 러시안 리버 밸리","Merry Edwards, Pinot Noir Russian River Valley",닭고기
"메리 에드워즈, 피노 누아 러시안 리버 밸리","Merry Edwards, Pinot Noir Russian River Valley",참치
"메리 에드워즈, 피노 누아 러시안 리버 밸리","Merry Edwards, Pinot Noir Russian River Valley",수육
"메리 에드워즈, 피노 누아 러시안 리버 밸리","Merry Edwards, Pinot Noir Russian River Valley",버섯
"메리 에드워즈, 피노 누아 러시안 리버 밸리","Merry Edwards, Pinot Noir Russian River Valley",훈제오리
"메리 에드워즈, 피노 누아 러시안 리버 밸리","Merry Edwards, Pinot Noir Russian River Valley",크림파스타
"메리 에드워즈, 피노 누아 러시안 리버 밸리","Merry Edwards, Pinot Noir Russian River Valley",송이버섯
"메리 에드워즈, 피노 누아 러시안 리버 밸리","Merry Edwards, Pinot Noir Russian River Valley",브리
"메리 에드워즈, 피노 누아 러시안 리버 밸리","Merry Edwards, Pinot Noir Russian River Valley",콩테
"메리 에드워즈, 피노 누아 러시안 리버 밸리","Merry Edwards, Pinot Noir Russian River Valley",체다
"메리 에드워즈, 피노 누아 러시안 리버 밸리","Merry Edwards, Pinot Noir Russian River Valley",오리고기
"메리 에드워즈, 피노 누아 러시안 리버 밸리","Merry Edwards, Pinot Noir Russian River Valley",나물
"메리 에드워즈, 피노 누아 러시안 리버 밸리","Merry Edwards, Pinot Noir Russian River Valley",바비큐
"메리 에드워즈, 소비뇽 블랑 러시안 리버 밸리","Merry Edwards, Sauvignon Blanc Russian River Valley",샐러드
"메리 에드워즈, 소비뇽 블랑 러시안 리버 밸리","Merry Edwards, Sauvignon Blanc Russian River Valley",해산물
"메리 에드워즈, 소비뇽 블랑 러시안 리버 밸리","Merry Edwards, Sauvignon Blanc Russian River Valley",새우
"메리 에드워즈, 소비뇽 블랑 러시안 리버 밸리","Merry Edwards, Sauvignon Blanc Russian River Valley",장어구이
"메리 에드워즈, 소비뇽 블랑 러시안 리버 밸리","Merry Edwards, Sauvignon Blanc Russian River Valley",튀김
"메리 에드워즈, 소비뇽 블랑 러시안 리버 밸리","Merry Edwards, Sauvignon Blanc Russian River Valley",생선구이
"메리 에드워즈, 소비뇽 블랑 러시안 리버 밸리","Merry Edwards, Sauvignon Blanc Russian River Valley",아시아요리
"메리 에드워즈, 소비뇽 블랑 러시안 리버 밸리","Merry Edwards, Sauvignon Blanc Russian River Valley",동남아요리
"미 떼루노, 아이코노","Mi Terruno, Icono",스테이크
"미 떼루노, 마야카바 말벡","Mi Terruno, Mayacaba Malbec",스테이크
"미쉘 린치, 보르도 화이트 오가닉","Michel Lynch, Bordeaux White Organic",복숭아
"미쉘 린치, 보르도 화이트 오가닉","Michel Lynch, Bordeaux White Organic",치즈
"미쉘 린치, 보르도 화이트 오가닉","Michel Lynch, Bordeaux White Organic",해산물
"미켈레 끼아를로, 치프레시 니짜","Michele Chiarlo, Cipressi Nizza",치즈
"마일즈 프롬 노웨어, 쉬라즈","Miles from Nowhere, Shiraz",스테이크
"마일즈 프롬 노웨어, 쉬라즈","Miles from Nowhere, Shiraz",채소
"밀러 패밀리, 옵틱 비엔 나시도 빈야드 샤르도네 블록 넘버 11D3","Miller family, Optik Bien Nacido Vineyard Chardonnay Block No. 11D3",샐러드
"밀러 패밀리, 옵틱 비엔 나시도 빈야드 샤르도네 블록 넘버 11D3","Miller family, Optik Bien Nacido Vineyard Chardonnay Block No. 11D3",파스타
"밀러 패밀리, 옵틱 비엔 나시도 빈야드 샤르도네 블록 넘버 11D3","Miller family, Optik Bien Nacido Vineyard Chardonnay Block No. 11D3",해산물
"밀러 패밀리, 옵틱 비엔 나시도 빈야드 샤르도네 블록 넘버 I1","Miller family, Optik Bien Nacido Vineyard Chardonnay Block No. I1",샐러드
"밀러 패밀리, 옵틱 비엔 나시도 빈야드 샤르도네 블록 넘버 I1","Miller family, Optik Bien Nacido Vineyard Chardonnay Block No. I1",파스타
"밀러 패밀리, 옵틱 비엔 나시도 빈야드 샤르도네 블록 넘버 I1","Miller family, Optik Bien Nacido Vineyard Chardonnay Block No. I1",해산물
"밀러 패밀리, 옵틱 비엔 나시도 빈야드 피노누아 블록 넘버 42A","Miller family, Optik Bien Nacido Vineyard Pinot Noir Block No. 42A",가금류
"밀러 패밀리, 옵틱 비엔 나시도 빈야드 피노누아 블록 넘버 42A","Miller family, Optik Bien Nacido Vineyard Pinot Noir Block No. 42A",치즈
"밀러 패밀리, 옵틱 비엔 나시도 빈야드 피노누아 블록 넘버 42A","Miller family, Optik Bien Nacido Vineyard Pinot Noir Block No. 42A",피자
"마이너, 나파밸리 샤도네이","Miner, Napa Valley Chardonnay",치즈
"마이너, 나파밸리 샤도네이","Miner, Napa Valley Chardonnay",수육
"마이너, 나파밸리 샤도네이","Miner, Napa Valley Chardonnay",탕수육
"마이너, 나파밸리 샤도네이","Miner, Napa Valley Chardonnay",바비큐
"몬테 델 프라, 까델마그로 쿠스토자 수페리오레","Monte del Fra, Ca del Magro Custoza Superiore",치킨
"몬테 델 프라, 까델마그로 쿠스토자 수페리오레","Monte del Fra, Ca del Magro Custoza Superiore",튀김
"몬테스 알파, 카베르네 소비뇽","Montes Alpha, Cabernet Sauvignon",양고기
"몬테스 알파, 카베르네 소비뇽","Montes Alpha, Cabernet Sauvignon",붉은육류
"몬테스 알파, 카베르네 소비뇽","Montes Alpha, Cabernet Sauvignon",파스타
"몬테스 알파, 피노 누아","Montes Alpha, Pinot Noir",바비큐
"몬테스 알파, 피노 누아","Montes Alpha, Pinot Noir",샐러드
"몬테스 알파, 피노 누아","Montes Alpha, Pinot Noir",과일
"몬테스 알파, 피노 누아","Montes Alpha, Pinot Noir",건육
"몬테스 알파, 피노 누아","Montes Alpha, Pinot Noir",버섯
"몬테스 알파, 피노 누아","Montes Alpha, Pinot Noir",양꼬치
"몬테스 알파, 피노 누아","Montes Alpha, Pinot Noir",찜닭
"몬테스 알파, 피노 누아","Montes Alpha, Pinot Noir",로스트비프
"몬테스 알파, 피노 누아","Montes Alpha, Pinot Noir",족발
"몬테스 알파, 피노 누아","Montes Alpha, Pinot Noir",모짜렐라
"몬테스 알파, 피노 누아","Montes Alpha, Pinot Noir",불고기
"몬테스 알파, 피노 누아","Montes Alpha, Pinot Noir",편육
"몬테스 알파, 피노 누아","Montes Alpha, Pinot Noir",카망베르
"몬테스 알파, 피노 누아","Montes Alpha, Pinot Noir",까르파치오
"몬테스 알파, 피노 누아","Montes Alpha, Pinot Noir",콩테
"몬테스 알파, 피노 누아","Montes Alpha, Pinot Noir",견과류
"몬테베르티네, 몬테베르티네","Montevertine, Montevertine",족발
"몬테베르티네, 페르골레 토르테","Montevertine, Pergole Torte",족발
"몽그라스, 안투 카베르네 소비뇽 호랑이띠 라벨 한정판","Montgras, Antu Cabernet Sauvignon Limited Edition the Year of Tiger",자두
"몽그라스, 안투 카베르네 소비뇽 호랑이띠 라벨 한정판","Montgras, Antu Cabernet Sauvignon Limited Edition the Year of Tiger",치즈
"몽그라스, 안투 카베르네 소비뇽 호랑이띠 라벨 한정판","Montgras, Antu Cabernet Sauvignon Limited Edition the Year of Tiger",파스타
"몽그라스, 안투 시라 호랑이띠 라벨 한정판","Montgras, Antu Syrah Limited Edition the Year of Tiger",치즈
"몽그라스, 안투 시라 호랑이띠 라벨 한정판","Montgras, Antu Syrah Limited Edition the Year of Tiger",양고기
"몽그라스, 안투 시라 호랑이띠 라벨 한정판","Montgras, Antu Syrah Limited Edition the Year of Tiger",육류요리
"몽그라스, 안투 시라 호랑이띠 라벨 한정판","Montgras, Antu Syrah Limited Edition the Year of Tiger",오리고기
"모란데, 그랑 리제르바 샤르도네","Morande, Gran Reserva Chardonnay",수육
"모란데, 그랑 리제르바 샤르도네","Morande, Gran Reserva Chardonnay",바비큐
"모란데, 그랑 리제르바 샤르도네","Morande, Gran Reserva Chardonnay",탕수육
"모란데, 그랑 리제르바 샤르도네","Morande, Gran Reserva Chardonnay",치즈
"무똥 까데, 리저브 뽀이약","Mouton Cadet, Reserve Pauillac",불고기
"무똥 까데, 리저브 뽀이약","Mouton Cadet, Reserve Pauillac",파스타
"무똥 까데, 리저브 뽀이약","Mouton Cadet, Reserve Pauillac",치즈
"무똥 까데, 리저브 뽀이약","Mouton Cadet, Reserve Pauillac",바비큐
"무똥 까데, 리저브 뽀이약","Mouton Cadet, Reserve Pauillac",양갈비
"노이도르프, 홈 블럭 모우테레 샤르도네","Neudorf, Home Block Moutere Chardonnay",후라이드
"노이도르프, 홈 블럭 모우테레 샤르도네","Neudorf, Home Block Moutere Chardonnay",닭강정
"노이도르프, 홈 블럭 모우테레 샤르도네","Neudorf, Home Block Moutere Chardonnay",편육
"노이도르프, 홈 블럭 모우테레 샤르도네","Neudorf, Home Block Moutere Chardonnay",오일파스타
"노이도르프, 홈 블럭 모우테레 샤르도네","Neudorf, Home Block Moutere Chardonnay",그라노파다노
"노이도르프, 홈 블럭 모우테레 샤르도네","Neudorf, Home Block Moutere Chardonnay",파르미지아노
"노이도르프, 홈 블럭 모우테레 샤르도네","Neudorf, Home Block Moutere Chardonnay",중국요리
"노이도르프, 홈 블럭 모우테레 샤르도네","Neudorf, Home Block Moutere Chardonnay",복숭아
"노이도르프, 홈 블럭 모우테레 샤르도네","Neudorf, Home Block Moutere Chardonnay",탕수육
"노이도르프, 홈 블럭 모우테레 샤르도네","Neudorf, Home Block Moutere Chardonnay",수육
"노이도르프, 홈 블럭 모우테레 샤르도네","Neudorf, Home Block Moutere Chardonnay",견과류
"노이도르프, 홈 블럭 모우테레 샤르도네","Neudorf, Home Block Moutere Chardonnay",치즈
"노이도르프, 홈 블럭 모우테레 샤르도네","Neudorf, Home Block Moutere Chardonnay",해산물
"노이도르프, 홈 블럭 모우테레 피노 누아","Neudorf, Home Block Moutere Pinot Noir",보쌈
"노이도르프, 홈 블럭 모우테레 피노 누아","Neudorf, Home Block Moutere Pinot Noir",과일
"노이도르프, 홈 블럭 모우테레 피노 누아","Neudorf, Home Block Moutere Pinot Noir",리조또
"노이도르프, 홈 블럭 모우테레 피노 누아","Neudorf, Home Block Moutere Pinot Noir",족발
"노이도르프, 홈 블럭 모우테레 피노 누아","Neudorf, Home Block Moutere Pinot Noir",견과류
"노이도르프, 홈 블럭 모우테레 피노 누아","Neudorf, Home Block Moutere Pinot Noir",수육
"노이도르프, 홈 블럭 모우테레 피노 누아","Neudorf, Home Block Moutere Pinot Noir",건육
"노이도르프, 홈 블럭 모우테레 피노 누아","Neudorf, Home Block Moutere Pinot Noir",바비큐
"노이도르프, 홈 블럭 모우테레 피노 누아","Neudorf, Home Block Moutere Pinot Noir",파르미지아노
"노이도르프, 홈 블럭 모우테레 피노 누아","Neudorf, Home Block Moutere Pinot Noir",그라노파다노
"노이도르프, 홈 블럭 모우테레 피노 누아","Neudorf, Home Block Moutere Pinot Noir",로스트비프
"노이도르프, 홈 블럭 모우테레 피노 누아","Neudorf, Home Block Moutere Pinot Noir",카망베르
"노이도르프, 홈 블럭 모우테레 피노 누아","Neudorf, Home Block Moutere Pinot Noir",까르파치오
"노이도르프, 홈 블럭 모우테레 피노 누아","Neudorf, Home Block Moutere Pinot Noir",콩테
"노이도르프, 홈 블럭 모우테레 피노 누아","Neudorf, Home Block Moutere Pinot Noir",크림파스타
"노이도르프, 로지스 블럭 모우테레 샤르도네","Neudorf, Rosie's Block Moutere Chardonnay",해산물
"노이도르프, 로지스 블럭 모우테레 샤르도네","Neudorf, Rosie's Block Moutere Chardonnay",순대
"노이도르프, 로지스 블럭 모우테레 샤르도네","Neudorf, Rosie's Block Moutere Chardonnay",치킨
"노이도르프, 로지스 블럭 모우테레 샤르도네","Neudorf, Rosie's Block Moutere Chardonnay",참치
"노이도르프, 로지스 블럭 모우테레 샤르도네","Neudorf, Rosie's Block Moutere Chardonnay",후라이드
"노이도르프, 로지스 블럭 모우테레 샤르도네","Neudorf, Rosie's Block Moutere Chardonnay",오일파스타
"노이도르프, 로지스 블럭 모우테레 샤르도네","Neudorf, Rosie's Block Moutere Chardonnay",리코타
"노이도르프, 로지스 블럭 모우테레 샤르도네","Neudorf, Rosie's Block Moutere Chardonnay",중국요리
"노이도르프, 로지스 블럭 모우테레 샤르도네","Neudorf, Rosie's Block Moutere Chardonnay",건육
"노이도르프, 로지스 블럭 모우테레 샤르도네","Neudorf, Rosie's Block Moutere Chardonnay",탕수육
"노이도르프, 티리티리 샤르도네","Neudorf, Tiritiri Chardonnay",중국요리
"노이도르프, 티리티리 샤르도네","Neudorf, Tiritiri Chardonnay",닭강정
"노이도르프, 티리티리 샤르도네","Neudorf, Tiritiri Chardonnay",장어
"노이도르프, 티리티리 샤르도네","Neudorf, Tiritiri Chardonnay",오일파스타
"노이도르프, 티리티리 샤르도네","Neudorf, Tiritiri Chardonnay",크림치즈
"노이도르프, 티리티리 샤르도네","Neudorf, Tiritiri Chardonnay",체다
"노이도르프, 티리티리 샤르도네","Neudorf, Tiritiri Chardonnay",복숭아
"노이도르프, 티리티리 샤르도네","Neudorf, Tiritiri Chardonnay",탕수육
"노이도르프, 티리티리 샤르도네","Neudorf, Tiritiri Chardonnay",수육
"노이도르프, 티리티리 샤르도네","Neudorf, Tiritiri Chardonnay",참치
"노이도르프, 티리티리 샤르도네","Neudorf, Tiritiri Chardonnay",치킨
"노이도르프, 티리티리 샤르도네","Neudorf, Tiritiri Chardonnay",연어
"노이도르프, 티리티리 샤르도네","Neudorf, Tiritiri Chardonnay",해산물
"노이도르프, 티리티리 샤르도네","Neudorf, Tiritiri Chardonnay",샐러드
"노이도르프, 톰스 블록 모우테레 피노 누아","Neudorf, Tom's Block Moutere Pinot Noir",그라노파다노
"노이도르프, 톰스 블록 모우테레 피노 누아","Neudorf, Tom's Block Moutere Pinot Noir",라자냐
"노이도르프, 톰스 블록 모우테레 피노 누아","Neudorf, Tom's Block Moutere Pinot Noir",리조또
"노이도르프, 톰스 블록 모우테레 피노 누아","Neudorf, Tom's Block Moutere Pinot Noir",족발
"노이도르프, 톰스 블록 모우테레 피노 누아","Neudorf, Tom's Block Moutere Pinot Noir",파르미지아노
"노이도르프, 톰스 블록 모우테레 피노 누아","Neudorf, Tom's Block Moutere Pinot Noir",로스트비프
"노이도르프, 톰스 블록 모우테레 피노 누아","Neudorf, Tom's Block Moutere Pinot Noir",까르파치오
"노이도르프, 톰스 블록 모우테레 피노 누아","Neudorf, Tom's Block Moutere Pinot Noir",콩테
"노이도르프, 톰스 블록 모우테레 피노 누아","Neudorf, Tom's Block Moutere Pinot Noir",체다
"노이도르프, 톰스 블록 모우테레 피노 누아","Neudorf, Tom's Block Moutere Pinot Noir",양념갈비
"노이도르프, 톰스 블록 모우테레 피노 누아","Neudorf, Tom's Block Moutere Pinot Noir",파마산
"노이도르프, 톰스 블록 모우테레 피노 누아","Neudorf, Tom's Block Moutere Pinot Noir",자두
"노이도르프, 톰스 블록 모우테레 피노 누아","Neudorf, Tom's Block Moutere Pinot Noir",바비큐
"노이도르프, 톰스 블록 모우테레 피노 누아","Neudorf, Tom's Block Moutere Pinot Noir",건육
"노이도르프, 톰스 블록 모우테레 피노 누아","Neudorf, Tom's Block Moutere Pinot Noir",갈비찜
"노이도르프, 톰스 블록 모우테레 피노 누아","Neudorf, Tom's Block Moutere Pinot Noir",양고기
"니콜라 로시뇰, 사비니 레 본","Nicolas Rossignol, Savigny les Beaune",자두
"니콜라 로시뇰, 사비니 레 본","Nicolas Rossignol, Savigny les Beaune",탕수육
"니콜라 로시뇰, 사비니 레 본","Nicolas Rossignol, Savigny les Beaune",수육
"니콜라 로시뇰, 사비니 레 본","Nicolas Rossignol, Savigny les Beaune",치즈
"니콜라 로시뇰, 사비니 레 본","Nicolas Rossignol, Savigny les Beaune",해산물
"니꼴라 로씨뇰, 볼네이","Nicolas Rossignol, Volnay",파스타
"니꼴라 로씨뇰, 볼네이","Nicolas Rossignol, Volnay",치즈
"니꼴라 로씨뇰, 볼네이","Nicolas Rossignol, Volnay",버섯
"나인 햇츠, 콜롬비아 밸리 메를로",Nine Hats Columbia Valley Merlot,햄버거
"나인 햇츠, 콜롬비아 밸리 메를로",Nine Hats Columbia Valley Merlot,양갈비
"나인 햇츠, 콜롬비아 밸리 메를로",Nine Hats Columbia Valley Merlot,파르미지아노
"나인 햇츠, 콜롬비아 밸리 메를로",Nine Hats Columbia Valley Merlot,바비큐
"나인 햇츠, 콜롬비아 밸리 메를로",Nine Hats Columbia Valley Merlot,그릴요리
"나인 햇츠, 콜롬비아 밸리 메를로",Nine Hats Columbia Valley Merlot,그라노파다노
"나인 햇츠, 콜롬비아 밸리 메를로",Nine Hats Columbia Valley Merlot,불고기
"나인 햇츠, 콜롬비아 밸리 메를로",Nine Hats Columbia Valley Merlot,갈비찜
"나인 햇츠, 콜롬비아 밸리 메를로",Nine Hats Columbia Valley Merlot,치즈
"나인 햇츠, 콜롬비아 밸리 메를로",Nine Hats Columbia Valley Merlot,파스타
나인 햇츠 콜롬비아 밸리 시라,Nine Hats Columbia Valley Syrah,양갈비
"노스스타, 콜럼비아 밸리 카베르네 소비뇽","Northstar, Columbia Valley Cabernet Sauvignon",스테이크
"노스스타, 콜럼비아 밸리 카베르네 소비뇽","Northstar, Columbia Valley Cabernet Sauvignon",치즈
"아웃포스트, 나파 밸리 까베르네 소비뇽","Outpost, Napa Valley Cabernet Sauvignon",자두
"아웃포스트, 나파 밸리 까베르네 소비뇽","Outpost, Napa Valley Cabernet Sauvignon",양갈비
"아웃포스트, 나파 밸리 까베르네 소비뇽","Outpost, Napa Valley Cabernet Sauvignon",치즈
"패러다임, 카베르네 소비뇽 나파 밸리","Paradigm, Cabernet Sauvignon Napa Valley",치즈
"패러다임, 카베르네 소비뇽 나파 밸리","Paradigm, Cabernet Sauvignon Napa Valley",스테이크
"패러다임, 카베르네 소비뇽 나파 밸리","Paradigm, Cabernet Sauvignon Napa Valley",자두
"펠프스 크릭, 콜럼비아 고지 피노 누아","Phelps Creek, Columbia Gorge Pinot Noir",버섯
"펠프스 크릭, 콜럼비아 고지 피노 누아","Phelps Creek, Columbia Gorge Pinot Noir",치즈
"펠프스 크릭, 콜럼비아 고지 피노 누아","Phelps Creek, Columbia Gorge Pinot Noir",파스타
"파이크, 트레디셔날 리슬링","Pikes, Traditionale Riesling",해산물
"피오 체사레, 바롤로","Pio Cesare, Barolo",버섯
"피오 체사레, 바롤로","Pio Cesare, Barolo",스테이크
"피오 체사레, 바롤로","Pio Cesare, Barolo",치즈
"피오 체사레, 바롤로 '모스코니'","Pio Cesare, Barolo 'Mosconi'",송아지
"피오 체사레, 바롤로 '모스코니'","Pio Cesare, Barolo 'Mosconi'",버섯
"피오 체사레, 바롤로 '모스코니'","Pio Cesare, Barolo 'Mosconi'",자두
"플라네타, 플럼바고","Planeta, Plumbago",자두
"플라네타, 플럼바고","Planeta, Plumbago",육류요리
"포지오 알 테소로, 카시오페아 로사토 파구스 체르바이아","Poggio al Tesoro, Cassiopea Rosato Pagus Cerbaia",떡볶이
"포지오 알 테소로, 카시오페아 로사토 파구스 체르바이아","Poggio al Tesoro, Cassiopea Rosato Pagus Cerbaia",아시아요리
"포지오 알 테소로, 카시오페아 로사토 파구스 체르바이아","Poggio al Tesoro, Cassiopea Rosato Pagus Cerbaia",해산물
"포지오 알 테소로, 카시오페아 로사토 파구스 체르바이아","Poggio al Tesoro, Cassiopea Rosato Pagus Cerbaia",샐러드
"포지오 알 테소로, 솔로솔레 파구스 카밀라","Poggio al Tesoro, Solosole Pagus Camilla",파스타
"포지오 알 테소로, 솔로솔레 파구스 카밀라","Poggio al Tesoro, Solosole Pagus Camilla",중국요리
"포지오 알 테소로, 솔로솔레 파구스 카밀라","Poggio al Tesoro, Solosole Pagus Camilla",흰살생선
"폴 로저, 브뤼 리저브","Pol Roger, Brut Reserve",아페리티프
"폴 로저, 브뤼 리저브","Pol Roger, Brut Reserve",해산물
프리스트 랜치 까베르네 쇼비뇽,Priest Ranch Cabernet Sauvignon,양갈비
프리스트 랜치 까베르네 쇼비뇽,Priest Ranch Cabernet Sauvignon,치즈
"퀼세다 크릭, 콜럼비아 밸리 카베르네 쇼비뇽","Quilceda Creek, Columbia Valley Cabernet Sauvignon",치즈
"퀼세다 크릭, 콜럼비아 밸리 카베르네 쇼비뇽","Quilceda Creek, Columbia Valley Cabernet Sauvignon",양갈비
"레드헤즈 스튜디오, 문라이터스","Redheads Studio, Moonlighters",치킨
"레드헤즈 스튜디오, 문라이터스","Redheads Studio, Moonlighters",버섯
"레드헤즈 스튜디오, 야드독 화이트","Redheads Studio, Yard Dog White",버섯
"레드헤즈 스튜디오, 야드독 화이트","Redheads Studio, Yard Dog White",치킨
"리파 디 소토, 진판델","Ripa di Sotto, Zinfandel",치즈
"로버트 몬다비, 까베르네 소비뇽 리저브","Robert Mondavi, Cabernet Sauvignon Reserve",파스타
"로버트 몬다비, 샤도네이","Robert Mondavi, Chardonnay",샐러드
"로버트 몬다비, 샤도네이","Robert Mondavi, Chardonnay",연어
"로버트 몬다비, 샤도네이","Robert Mondavi, Chardonnay",치킨
"로버트 몬다비, 샤도네이 리저브","Robert Mondavi, Chardonnay Reserve",해산물
"로버트 몬다비, 푸메 블랑","Robert Mondavi, Fume Blanc",과일
"로버트 몬다비, 푸메 블랑","Robert Mondavi, Fume Blanc",샐러드
"로버트 몬다비, 푸메 블랑","Robert Mondavi, Fume Blanc",해산물
"로버트 몬다비, 마에스트로","Robert Mondavi, Maestro",치킨
"로버트 몬다비, 마에스트로","Robert Mondavi, Maestro",붉은육류
"로버트 몬다비, 마에스트로","Robert Mondavi, Maestro",자두
"로버트 몬다비, 마에스트로","Robert Mondavi, Maestro",양갈비
"로버트 몬다비, 마에스트로","Robert Mondavi, Maestro",햄
"로버트 몬다비, 오크빌 까베르네 소비뇽","Robert Mondavi, Oakville Cabernet Sauvignon",파스타
"로버트 몬다비, 피노 누아","Robert Mondavi, Pinot Noir",새우
"로버트 몬다비, 피노 누아","Robert Mondavi, Pinot Noir",치즈
"로버트 몬다비, 피노 누아","Robert Mondavi, Pinot Noir",샐러드
"로드니 스트롱, 알렉산더 크라운 까베르네 소비뇽","Rodney Strong, Alexander's Crown Cabernet Sauvignon",햄
"로드니 스트롱, 리제르바 카베르네 소비뇽","Rodney Strong, Reserve Cabernet Sauvignon",치즈
"로드니 스트롱, 리제르바 카베르네 소비뇽","Rodney Strong, Reserve Cabernet Sauvignon",양갈비
"로드니스트롱, 시메트리 메리티지","Rodney Strong, Symmetry Meritage",햄
"로드레 에스테이트, 콰르테 브륏","Roederer Estate, Quartet Brut",샐러드
"로드레 에스테이트, 콰르테 브륏","Roederer Estate, Quartet Brut",생선회
"로드레 에스테이트, 콰르테 브륏","Roederer Estate, Quartet Brut",해산물
"로드레 에스테이트, 콰르테 브륏","Roederer Estate, Quartet Brut",치즈
"로드레 에스테이트, 콰르테 브륏","Roederer Estate, Quartet Brut",스시
"로드레 에스테이트, 콰르테 브륏","Roederer Estate, Quartet Brut",파르메산
"로드레 에스테이트, 콰르테 브륏","Roederer Estate, Quartet Brut",리코타
"로드레 에스테이트, 콰르테 브륏","Roederer Estate, Quartet Brut",견과류
"로드레 에스테이트, 콰르테 브륏","Roederer Estate, Quartet Brut",건육
"로드레 에스테이트, 콰르테 브륏","Roederer Estate, Quartet Brut",식전주
"로드레 에스테이트, 콰르테 브륏","Roederer Estate, Quartet Brut",튀김
"로드레 에스테이트, 콰르테 브륏","Roederer Estate, Quartet Brut",체다
"로저 구라트, 엑스트라 브륏 그랑 리제르바 조셉 발스","Roger Goulart, Extra Brut Gran Reserva Josep Valls",전채요리
"론코 디 싸시, 비노 로쏘 디 이탈리아","Ronco di Sassi, Vino Rosso D'Italia",프로슈토
"론코 디 싸시, 비노 로쏘 디 이탈리아","Ronco di Sassi, Vino Rosso D'Italia",양갈비
"로젠베일, 에스테이트 그로운 그르나슈","Rosenvale, Estate Grown Grenache",양갈비
"로젠베일, 에스테이트 그로운 그르나슈","Rosenvale, Estate Grown Grenache",스테이크
"살트램, 1859 바로사 쉬라즈","Saltram, 1859 Barossa Shiraz",자두
"살트램, 맴레 브룩 쉬라즈","Saltram, Mamre Brook Shiraz",치즈
"살트램, 맴레 브룩 쉬라즈","Saltram, Mamre Brook Shiraz",양고기
"살트램, 맴레 브룩 쉬라즈","Saltram, Mamre Brook Shiraz",자두
"살베스트린, 디알 크레인 빈야드 카베르네 소비뇽","Salvestrin, Dr Crane Vineyard Cabernet Sauvignon",치즈
"살베스트린, 디알 크레인 빈야드 카베르네 소비뇽","Salvestrin, Dr Crane Vineyard Cabernet Sauvignon",스테이크
"살베스트린, 디알 크레인 빈야드 카베르네 소비뇽","Salvestrin, Dr Crane Vineyard Cabernet Sauvignon",양갈비
"살베스트린, 디알 크레인 빈야드 카베르네 소비뇽","Salvestrin, Dr Crane Vineyard Cabernet Sauvignon",버섯
사씨카이아,Sassicaia,양갈비
사씨카이아,Sassicaia,파스타
사씨카이아,Sassicaia,치즈
사씨카이아,Sassicaia,불고기
사씨카이아,Sassicaia,바비큐
"씨 스모크, 사우싱 피노 누아","Sea Smoke, Southing Pinot Noir",버섯
"씨 스모크, 사우싱 피노 누아","Sea Smoke, Southing Pinot Noir",치즈
"씨 스모크, 사우싱 피노 누아","Sea Smoke, Southing Pinot Noir",파스타
"씨 스모크, 텐 피노누아","Sea Smoke, Ten Pinot Noir",버섯
"씨 스모크, 텐 피노누아","Sea Smoke, Ten Pinot Noir",치즈
"씨 스모크, 텐 피노누아","Sea Smoke, Ten Pinot Noir",파스타
"세귀노 보르데, 샤블리 프리미에 크뤼 바이용","Seguinot Bordet, Chablis Premier Cru 'Vaillons'",오리고기
"세귀노 보르데, 샤블리 프리미에 크뤼 바이용","Seguinot Bordet, Chablis Premier Cru 'Vaillons'",복숭아
"세귀노 보르데, 샤블리 프리미에 크뤼 바이용","Seguinot Bordet, Chablis Premier Cru 'Vaillons'",사시미
"세귀노 보르데, 샤블리 프리미에 크뤼 바이용","Seguinot Bordet, Chablis Premier Cru 'Vaillons'",감자튀김
"세귀노 보르데, 샤블리 프리미에 크뤼 바이용","Seguinot Bordet, Chablis Premier Cru 'Vaillons'",보쌈
"세귀노 보르데, 샤블리 프리미에 크뤼 바이용","Seguinot Bordet, Chablis Premier Cru 'Vaillons'",스시
"세귀노 보르데, 샤블리 프리미에 크뤼 바이용","Seguinot Bordet, Chablis Premier Cru 'Vaillons'",샐러드
"센시즈, 티에리엇 샤도네이","Senses, B.A. Thieriot Chardonnay",장어구이
"센시즈, 티에리엇 샤도네이","Senses, B.A. Thieriot Chardonnay",해산물
"센시즈, 티에리엇 샤도네이","Senses, B.A. Thieriot Chardonnay",치즈
"센시즈, 티에리엇 샤도네이","Senses, B.A. Thieriot Chardonnay",보쌈
"센시즈, 티에리엇 샤도네이","Senses, B.A. Thieriot Chardonnay",치킨
"센시즈, 티에리엇 샤도네이","Senses, B.A. Thieriot Chardonnay",닭고기
"센시즈, 티에리엇 샤도네이","Senses, B.A. Thieriot Chardonnay",파르미지아노
"센시즈, 티에리엇 샤도네이","Senses, B.A. Thieriot Chardonnay",복숭아
"센시즈, 티에리엇 샤도네이","Senses, B.A. Thieriot Chardonnay",오리고기
"센시즈, 티에리엇 샤도네이","Senses, B.A. Thieriot Chardonnay",중국요리
"센시즈, 티에리엇 샤도네이","Senses, B.A. Thieriot Chardonnay",에멘탈
"센시즈, 티에리엇 샤도네이","Senses, B.A. Thieriot Chardonnay",체다
"센시즈, 티에리엇 샤도네이","Senses, B.A. Thieriot Chardonnay",생선구이
"센시즈, 티에리엇 샤도네이","Senses, B.A. Thieriot Chardonnay",오리로스
"센시즈, 티에리엇 샤도네이","Senses, B.A. Thieriot Chardonnay",편육
"센시즈, 티에리엇 샤도네이","Senses, B.A. Thieriot Chardonnay",오일파스타
"센시즈, 티에리엇 샤도네이","Senses, B.A. Thieriot Chardonnay",그라노파다노
"센시즈, 러시안 리버 밸리 샤도네이","Senses, Russian River Valley Chardonnay",생선구이
"센시즈, 러시안 리버 밸리 샤도네이","Senses, Russian River Valley Chardonnay",콩테
"센시즈, 러시안 리버 밸리 샤도네이","Senses, Russian River Valley Chardonnay",순대
"센시즈, 러시안 리버 밸리 샤도네이","Senses, Russian River Valley Chardonnay",새우
"센시즈, 러시안 리버 밸리 샤도네이","Senses, Russian River Valley Chardonnay",치킨
"센시즈, 러시안 리버 밸리 샤도네이","Senses, Russian River Valley Chardonnay",편육
"센시즈, 러시안 리버 밸리 샤도네이","Senses, Russian River Valley Chardonnay",오일파스타
"센시즈, 러시안 리버 밸리 샤도네이","Senses, Russian River Valley Chardonnay",그라노파다노
"센시즈, 러시안 리버 밸리 샤도네이","Senses, Russian River Valley Chardonnay",파르미지아노
"센시즈, 러시안 리버 밸리 샤도네이","Senses, Russian River Valley Chardonnay",에멘탈
"센시즈, 러시안 리버 밸리 샤도네이","Senses, Russian River Valley Chardonnay",치즈
"센시즈, 러시안 리버 밸리 샤도네이","Senses, Russian River Valley Chardonnay",해산물
"센시즈, 러시안 리버 밸리 샤도네이","Senses, Russian River Valley Chardonnay",오리고기
"센시즈, 러시안 리버 밸리 샤도네이","Senses, Russian River Valley Chardonnay",복숭아
"센시즈, 러시안 리버 밸리 샤도네이","Senses, Russian River Valley Chardonnay",장어구이
"센시즈, 러시안 리버 밸리 샤도네이","Senses, Russian River Valley Chardonnay",견과류
"센시즈, 러시안 리버 밸리 샤도네이","Senses, Russian River Valley Chardonnay",닭고기
"센시즈, 러시안 리버 밸리 샤도네이","Senses, Russian River Valley Chardonnay",모짜렐라
"센시즈, 소노마 코스트 샤도네이","Senses, Sonoma Coast Chardonnay",치즈
"센시즈, 소노마 코스트 샤도네이","Senses, Sonoma Coast Chardonnay",해산물
"센시즈, 소노마 코스트 샤도네이","Senses, Sonoma Coast Chardonnay",파르미지아노
"센시즈, 소노마 코스트 샤도네이","Senses, Sonoma Coast Chardonnay",치킨
"센시즈, 소노마 코스트 샤도네이","Senses, Sonoma Coast Chardonnay",닭고기
"센시즈, 소노마 코스트 샤도네이","Senses, Sonoma Coast Chardonnay",장어구이
"센시즈, 소노마 코스트 샤도네이","Senses, Sonoma Coast Chardonnay",그라노파다노
"센시즈, 소노마 코스트 샤도네이","Senses, Sonoma Coast Chardonnay",오일파스타
"센시즈, 소노마 코스트 샤도네이","Senses, Sonoma Coast Chardonnay",오리로스
"센시즈, 소노마 코스트 샤도네이","Senses, Sonoma Coast Chardonnay",랑그르
"센시즈, 소노마 코스트 샤도네이","Senses, Sonoma Coast Chardonnay",샤우르스
"센시즈, 엘 디아블로 샤도네이","Senses, UV EL Diablo Chardonnay",해산물
"센시즈, 엘 디아블로 샤도네이","Senses, UV EL Diablo Chardonnay",치즈
"센시즈, 엘 디아블로 샤도네이","Senses, UV EL Diablo Chardonnay",치킨
"센시즈, 엘 디아블로 샤도네이","Senses, UV EL Diablo Chardonnay",장어구이
"센시즈, 엘 디아블로 샤도네이","Senses, UV EL Diablo Chardonnay",파르미지아노
"센시즈, 엘 디아블로 샤도네이","Senses, UV EL Diablo Chardonnay",후라이드
"센시즈, 엘 디아블로 샤도네이","Senses, UV EL Diablo Chardonnay",오리로스
"센시즈, 엘 디아블로 샤도네이","Senses, UV EL Diablo Chardonnay",그라노파다노
"센시즈, 엘 디아블로 샤도네이","Senses, UV EL Diablo Chardonnay",오일파스타
"센시즈, 엘 디아블로 샤도네이","Senses, UV EL Diablo Chardonnay",콩테
"세븐 힐스, 왈라 왈라 밸리 레드 와인","Seven Hills, Walla Walla Valley Red Wine",자두
"세븐 힐스, 왈라 왈라 밸리 레드 와인","Seven Hills, Walla Walla Valley Red Wine",파스타
"세븐 힐스, 왈라 왈라 밸리 레드 와인","Seven Hills, Walla Walla Valley Red Wine",치즈
"세븐 힐스, 왈라 왈라 밸리 레드 와인","Seven Hills, Walla Walla Valley Red Wine",불고기
"쇼테스브룩, 1337 헤리티지 시리즈 블랑 드 블랑","Shottesbrooke, 1337 Heritage series Blanc de Blancs",샐러드
"쇼테스브룩, 1337 헤리티지 시리즈 블랑 드 블랑","Shottesbrooke, 1337 Heritage series Blanc de Blancs",해산물
"살베스트린, 카베르네 소비뇽","Silvestrin, Cabernet Sauvignon",치즈
"살베스트린, 카베르네 소비뇽","Silvestrin, Cabernet Sauvignon",양갈비
"스프링 마운틴 빈야드, 카베르네 소비뇽 나파 밸리","Spring Mountain Vineyard, Cabernet Sauvignon Napa Valley",양갈비
"스프링 마운틴 빈야드, 카베르네 소비뇽 나파 밸리","Spring Mountain Vineyard, Cabernet Sauvignon Napa Valley",치즈
생 수페리 엘루,St-Supery ELU,자두
생 수페리 엘루,St-Supery ELU,치즈
생 수페리 엘루,St-Supery ELU,햄
스톤스트릿 에스테이트 빈야드 락폴 빈야드 카베르네 소비뇽,Stonestreet Estate Vineyards Rockfall Vineyard Cabernet Sauvignon,치즈
스톤스트릿 에스테이트 빈야드 락폴 빈야드 카베르네 소비뇽,Stonestreet Estate Vineyards Rockfall Vineyard Cabernet Sauvignon,양갈비
"설리반, 쾨르 드 비뉴 루더포드 카베르네 소비뇽","Sullivan, Coeur de Vigne Rutherford Cabernet Sauvignon",양갈비
"설리반, 쾨르 드 비뉴 루더포드 카베르네 소비뇽","Sullivan, Coeur de Vigne Rutherford Cabernet Sauvignon",스테이크
"설리반, 쾨르 드 비뉴 루더포드 카베르네 소비뇽","Sullivan, Coeur de Vigne Rutherford Cabernet Sauvignon",햄
"설리반, 쾨르 드 비뉴 루더포드 카베르네 소비뇽","Sullivan, Coeur de Vigne Rutherford Cabernet Sauvignon",자두
"수사나 발보 와인스, 크리오스 말벡","Susana Balbo Wines, Crios Malbec",그라노파다노
"수사나 발보 와인스, 크리오스 말벡","Susana Balbo Wines, Crios Malbec",블루치즈
"수사나 발보 와인스, 크리오스 말벡","Susana Balbo Wines, Crios Malbec",치즈
"수사나 발보 와인스, 크리오스 말벡","Susana Balbo Wines, Crios Malbec",피자
"수사나 발보 와인스, 크리오스 말벡","Susana Balbo Wines, Crios Malbec",스테이크
"수사나 발보 와인스, 크리오스 말벡","Susana Balbo Wines, Crios Malbec",양갈비
"수사나 발보 와인스, 크리오스 말벡","Susana Balbo Wines, Crios Malbec",햄버거
"수사나 발보 와인스, 크리오스 말벡","Susana Balbo Wines, Crios Malbec",갈비찜
"수사나 발보 와인스, 크리오스 말벡","Susana Balbo Wines, Crios Malbec",소고기
"수사나 발보 와인스, 크리오스 말벡","Susana Balbo Wines, Crios Malbec",건육
"수사나 발보 와인스, 크리오스 말벡","Susana Balbo Wines, Crios Malbec",양념갈비
"수사나 발보 와인스, 크리오스 말벡","Susana Balbo Wines, Crios Malbec",체다
"떼땅져, 꽁뜨 드 상파뉴 블랑 드 블랑 브뤼","Taittinger, Comtes de Champagne Blanc de Blancs Brut",샐러드
"떼땅져, 레 폴리 드 라 마케트리","Taittinger, Les Folies de la Marquetterie",샐러드
"떼땅져, 레 폴리 드 라 마케트리","Taittinger, Les Folies de la Marquetterie",스시
"떼땅져, 레 폴리 드 라 마케트리","Taittinger, Les Folies de la Marquetterie",디저트
"떼땅져, 레 폴리 드 라 마케트리","Taittinger, Les Folies de la Marquetterie",튀김
"떼땅져, 레 폴리 드 라 마케트리","Taittinger, Les Folies de la Marquetterie",에뿌아스
"떼땅져, 녹턴 시티 라이트","Taittinger, Nocturne City Light",과일
"떼땅져, 녹턴 시티 라이트","Taittinger, Nocturne City Light",치즈
"떼땅져, 녹턴 시티 라이트","Taittinger, Nocturne City Light",디저트
"떼땅져, 프렐뤼드 그랑 크뤼","Taittinger, Prelude Grands Crus",과일
"떼땅져, 프렐뤼드 그랑 크뤼","Taittinger, Prelude Grands Crus",치즈
"떼땅져, 프렐뤼드 그랑 크뤼","Taittinger, Prelude Grands Crus",디저트
"떼땅져, 리저브 브뤼","Taittinger, Reserve Brut",복숭아
"떼땅져, 리저브 브뤼","Taittinger, Reserve Brut",디저트
"떼땅져, 리저브 브뤼","Taittinger, Reserve Brut",샐러드
"테 마타, 에스테이트 소비뇽 블랑",Te Mata. Estate Sauvignon Blanc,샐러드
"테 마타, 에스테이트 소비뇽 블랑",Te Mata. Estate Sauvignon Blanc,해산물
"테 마타, 에스테이트 소비뇽 블랑",Te Mata. Estate Sauvignon Blanc,모짜렐라
"테 마타, 에스테이트 소비뇽 블랑",Te Mata. Estate Sauvignon Blanc,나물
"테 마타, 에스테이트 소비뇽 블랑",Te Mata. Estate Sauvignon Blanc,식전주
"테 마타, 에스테이트 소비뇽 블랑",Te Mata. Estate Sauvignon Blanc,아시아요리
"테 마타, 에스테이트 소비뇽 블랑",Te Mata. Estate Sauvignon Blanc,리코타
"테 마타, 에스테이트 소비뇽 블랑",Te Mata. Estate Sauvignon Blanc,동남아요리
"테네트, GSM","Tenet, GSM",치즈
"테네트, GSM","Tenet, GSM",양고기
"테누타 산 귀도, 레 디페제","Tenuta San Guido, Le Difese",파스타
"테누타 산 귀도, 레 디페제","Tenuta San Guido, Le Difese",치즈
"테누타 산 귀도, 레 디페제","Tenuta San Guido, Le Difese",소고기
"테누타 산 안토니오, 스카이아 코르비나","Tenuta Sant' Antonio, Scaia Corvina",소시지
"테누타 산 안토니오, 스카이아 코르비나","Tenuta Sant' Antonio, Scaia Corvina",비프
"테누타 산 안토니오, 스카이아 코르비나","Tenuta Sant' Antonio, Scaia Corvina",리조또
"더 힐트, 벤트록 피노누아","The hilt, Bemtrock Pinot Noir",자두
"더 힐트, 벤트록 피노누아","The hilt, Bemtrock Pinot Noir",콩테
"더 힐트, 벤트록 피노누아","The hilt, Bemtrock Pinot Noir",생선구이
"더 힐트, 벤트록 피노누아","The hilt, Bemtrock Pinot Noir",파르미지아노
"더 힐트, 벤트록 피노누아","The hilt, Bemtrock Pinot Noir",그라노파다노
"더 힐트, 벤트록 피노누아","The hilt, Bemtrock Pinot Noir",양꼬치
"더 힐트, 벤트록 피노누아","The hilt, Bemtrock Pinot Noir",로스트비프
"더 힐트, 벤트록 피노누아","The hilt, Bemtrock Pinot Noir",카망베르
"더 힐트, 벤트록 피노누아","The hilt, Bemtrock Pinot Noir",까르파치오
"더 힐트, 벤트록 피노누아","The hilt, Bemtrock Pinot Noir",참치
"더 힐트, 벤트록 피노누아","The hilt, Bemtrock Pinot Noir",바비큐
"더 힐트, 벤트록 피노누아","The hilt, Bemtrock Pinot Noir",버섯
"더 힐트, 벤트록 피노누아","The hilt, Bemtrock Pinot Noir",건육
"더 힐트, 벤트록 피노누아","The hilt, Bemtrock Pinot Noir",송이버섯
"더 힐트, 벤트록 피노누아","The hilt, Bemtrock Pinot Noir",치즈
"더 힐트, 벤트록 피노누아","The hilt, Bemtrock Pinot Noir",피자
"더 힐트, 벤트록 피노누아","The hilt, Bemtrock Pinot Noir",보쌈
"더 힐트, 벤트록 피노누아","The hilt, Bemtrock Pinot Noir",파스타
"더 힐트, 벤트록 피노누아","The hilt, Bemtrock Pinot Noir",햄버거
"더 힐트, 벤트록 피노누아","The hilt, Bemtrock Pinot Noir",베이컨
"더 힐트, 벤트록 피노누아","The hilt, Bemtrock Pinot Noir",훈제오리
"더 힐트, 벤트록 피노누아","The hilt, Bemtrock Pinot Noir",그릴요리
"더 힐트, 벤트록 피노누아","The hilt, Bemtrock Pinot Noir",불고기
"더 힐트, 벤트록 피노누아","The hilt, Bemtrock Pinot Noir",생선찜
"더 힐트, 벤트록 피노누아","The hilt, Bemtrock Pinot Noir",수육
"더 힐트, 벤트록 피노누아","The hilt, Bemtrock Pinot Noir",크림파스타
"더 힐트, 벤트록 샤도네이","The hilt, Bentrock Chardonnay",모짜렐라
"더 힐트, 벤트록 샤도네이","The hilt, Bentrock Chardonnay",파르미지아노
"더 힐트, 벤트록 샤도네이","The hilt, Bentrock Chardonnay",자두
"더 힐트, 벤트록 샤도네이","The hilt, Bentrock Chardonnay",버섯
"더 힐트, 벤트록 샤도네이","The hilt, Bentrock Chardonnay",탕수육
"더 힐트, 벤트록 샤도네이","The hilt, Bentrock Chardonnay",베이컨
"더 힐트, 벤트록 샤도네이","The hilt, Bentrock Chardonnay",치킨
"더 힐트, 벤트록 샤도네이","The hilt, Bentrock Chardonnay",아시아요리
"더 힐트, 벤트록 샤도네이","The hilt, Bentrock Chardonnay",양꼬치
"더 힐트, 벤트록 샤도네이","The hilt, Bentrock Chardonnay",오일파스타
"더 힐트, 벤트록 샤도네이","The hilt, Bentrock Chardonnay",고다
"더 힐트, 벤트록 샤도네이","The hilt, Bentrock Chardonnay",오리로스
"더 힐트, 벤트록 샤도네이","The hilt, Bentrock Chardonnay",치즈
"더 힐트, 벤트록 샤도네이","The hilt, Bentrock Chardonnay",해산물
"더 힐트, 벤트록 샤도네이","The hilt, Bentrock Chardonnay",가금류
"더 힐트, 이스테이트 샤도네이","The Hilt, Estate Chardonnay",바비큐
"더 힐트, 이스테이트 샤도네이","The Hilt, Estate Chardonnay",오리로스
"더 힐트, 이스테이트 샤도네이","The Hilt, Estate Chardonnay",그라노파다노
"더 힐트, 이스테이트 샤도네이","The Hilt, Estate Chardonnay",파르미지아노
"더 힐트, 이스테이트 샤도네이","The Hilt, Estate Chardonnay",생선구이
"더 힐트, 이스테이트 샤도네이","The Hilt, Estate Chardonnay",중국요리
"더 힐트, 이스테이트 샤도네이","The Hilt, Estate Chardonnay",조개구이
"더 힐트, 이스테이트 샤도네이","The Hilt, Estate Chardonnay",복숭아
"더 힐트, 이스테이트 샤도네이","The Hilt, Estate Chardonnay",파스타
"더 힐트, 이스테이트 샤도네이","The Hilt, Estate Chardonnay",가금류
"더 힐트, 이스테이트 샤도네이","The Hilt, Estate Chardonnay",해산물
"더 힐트, 이스테이트 샤도네이","The Hilt, Estate Chardonnay",치즈
"더 힐트, 이스테이트 샤도네이","The Hilt, Estate Chardonnay",피자
"더 힐트, 이스테이트 샤도네이","The Hilt, Estate Chardonnay",보쌈
"더 힐트, 이스테이트 샤도네이","The Hilt, Estate Chardonnay",순대
"더 힐트, 이스테이트 샤도네이","The Hilt, Estate Chardonnay",수육
"더 힐트, 이스테이트 샤도네이","The Hilt, Estate Chardonnay",생선찜
"더 힐트, 이스테이트 샤도네이","The Hilt, Estate Chardonnay",탕수육
"더 힐트, 이스테이트 샤도네이","The Hilt, Estate Chardonnay",꼬치구이
"더 힐트, 이스테이트 피노 누아","The Hilt, Estate Pinot Noir",족발
"더 힐트, 이스테이트 피노 누아","The Hilt, Estate Pinot Noir",고다
"더 힐트, 이스테이트 피노 누아","The Hilt, Estate Pinot Noir",킹크랩
"더 힐트, 이스테이트 피노 누아","The Hilt, Estate Pinot Noir",서양요리
"더 힐트, 이스테이트 피노 누아","The Hilt, Estate Pinot Noir",콩테
"더 힐트, 이스테이트 피노 누아","The Hilt, Estate Pinot Noir",까르파치오
"더 힐트, 이스테이트 피노 누아","The Hilt, Estate Pinot Noir",양꼬치
"더 힐트, 이스테이트 피노 누아","The Hilt, Estate Pinot Noir",파스타
"더 힐트, 이스테이트 피노 누아","The Hilt, Estate Pinot Noir",해산물
"더 힐트, 이스테이트 피노 누아","The Hilt, Estate Pinot Noir",치즈
"더 힐트, 이스테이트 피노 누아","The Hilt, Estate Pinot Noir",수육
"더 힐트, 이스테이트 피노 누아","The Hilt, Estate Pinot Noir",생선찜
"더 힐트, 이스테이트 피노 누아","The Hilt, Estate Pinot Noir",훈제오리
"더 힐트, 이스테이트 피노 누아","The Hilt, Estate Pinot Noir",건육
"더 힐트, 이스테이트 피노 누아","The Hilt, Estate Pinot Noir",불고기
"더 힐트, 이스테이트 피노 누아","The Hilt, Estate Pinot Noir",파르미지아노
"더 힐트, 이스테이트 피노 누아","The Hilt, Estate Pinot Noir",그라노파다노
"더 힐트, 이스테이트 피노 누아","The Hilt, Estate Pinot Noir",로스트비프
"더 힐트, 라디안 샤도네이","The Hilt, Radian Chardonnay",조개구이
"더 힐트, 라디안 샤도네이","The Hilt, Radian Chardonnay",중국요리
"더 힐트, 라디안 샤도네이","The Hilt, Radian Chardonnay",생선구이
"더 힐트, 라디안 샤도네이","The Hilt, Radian Chardonnay",킹크랩
"더 힐트, 라디안 샤도네이","The Hilt, Radian Chardonnay",오리로스
"더 힐트, 라디안 샤도네이","The Hilt, Radian Chardonnay",닭강정
"더 힐트, 라디안 샤도네이","The Hilt, Radian Chardonnay",콩테
"더 힐트, 라디안 샤도네이","The Hilt, Radian Chardonnay",편육
"더 힐트, 라디안 샤도네이","The Hilt, Radian Chardonnay",오일파스타
"더 힐트, 라디안 샤도네이","The Hilt, Radian Chardonnay",크림치즈
"더 힐트, 라디안 샤도네이","The Hilt, Radian Chardonnay",파르미지아노
"더 힐트, 라디안 샤도네이","The Hilt, Radian Chardonnay",샐러드
"더 힐트, 라디안 샤도네이","The Hilt, Radian Chardonnay",버섯
"더 힐트, 라디안 샤도네이","The Hilt, Radian Chardonnay",파스타
"더 힐트, 라디안 샤도네이","The Hilt, Radian Chardonnay",해산물
"더 힐트, 라디안 샤도네이","The Hilt, Radian Chardonnay",치즈
"더 힐트, 라디안 샤도네이","The Hilt, Radian Chardonnay",순대
"더 힐트, 라디안 샤도네이","The Hilt, Radian Chardonnay",치킨
"더 힐트, 라디안 샤도네이","The Hilt, Radian Chardonnay",베이컨
"더 힐트, 라디안 샤도네이","The Hilt, Radian Chardonnay",견과류
"더 힐트, 라디안 샤도네이","The Hilt, Radian Chardonnay",불고기
"더 힐트, 라디안 샤도네이","The Hilt, Radian Chardonnay",탕수육
"더 힐트, 라디안 샤도네이","The Hilt, Radian Chardonnay",꼬치구이
"더 힐트, 라디안 피노 누아","The Hilt, Radian Pinot Noir",파스타
"더 힐트, 라디안 피노 누아","The Hilt, Radian Pinot Noir",피자
"더 힐트, 라디안 피노 누아","The Hilt, Radian Pinot Noir",족발
"더 힐트, 라디안 피노 누아","The Hilt, Radian Pinot Noir",양갈비
"더 힐트, 라디안 피노 누아","The Hilt, Radian Pinot Noir",수육
"더 힐트, 라디안 피노 누아","The Hilt, Radian Pinot Noir",불고기
"더 힐트, 라디안 피노 누아","The Hilt, Radian Pinot Noir",훈제오리
"더 힐트, 라디안 피노 누아","The Hilt, Radian Pinot Noir",버섯
"더 힐트, 라디안 피노 누아","The Hilt, Radian Pinot Noir",건육
"더 힐트, 라디안 피노 누아","The Hilt, Radian Pinot Noir",체더
"더 힐트, 라디안 피노 누아","The Hilt, Radian Pinot Noir",크림파스타
"더 힐트, 라디안 피노 누아","The Hilt, Radian Pinot Noir",송이버섯
"더 힐트, 라디안 피노 누아","The Hilt, Radian Pinot Noir",블루치즈
"더 힐트, 라디안 피노 누아","The Hilt, Radian Pinot Noir",콩테
"더 힐트, 라디안 피노 누아","The Hilt, Radian Pinot Noir",까르파치오
"더 힐트, 라디안 피노 누아","The Hilt, Radian Pinot Noir",편육
"더 힐트, 라디안 피노 누아","The Hilt, Radian Pinot Noir",로스트비프
"더 힐트, 라디안 피노 누아","The Hilt, Radian Pinot Noir",그라노파다노
"더 힐트, 라디안 피노 누아","The Hilt, Radian Pinot Noir",파르미지아노
"더 힐트, 라디안 피노 누아","The Hilt, Radian Pinot Noir",꼬치구이
"더 힐트, 라디안 피노 누아","The Hilt, Radian Pinot Noir",자두
"더 힐트, 라디안 피노 누아","The Hilt, Radian Pinot Noir",바비큐
"띠에라 로하, 까베르네 쇼비뇽 오크빌","Tierra Roja, Cabernet Sauvignon Oakville",버섯
"띠에라 로하, 까베르네 쇼비뇽 오크빌","Tierra Roja, Cabernet Sauvignon Oakville",양갈비
"띠에라 로하, 까베르네 쇼비뇽 오크빌","Tierra Roja, Cabernet Sauvignon Oakville",스테이크
"띠에라 로하, 까베르네 쇼비뇽 오크빌","Tierra Roja, Cabernet Sauvignon Oakville",치즈
"티나치, 아마로네 델라 발포리첼라","Tinazzi, Amarone della Valpolicella",로스트비프
"티나치, 아마로네 델라 발포리첼라","Tinazzi, Amarone della Valpolicella",그라노파다노
"티나치, 아마로네 델라 발포리첼라","Tinazzi, Amarone della Valpolicella",파르미지아노
"티나치, 아마로네 델라 발포리첼라","Tinazzi, Amarone della Valpolicella",자두
"티나치, 아마로네 델라 발포리첼라","Tinazzi, Amarone della Valpolicella",불고기
"티나치, 아마로네 델라 발포리첼라","Tinazzi, Amarone della Valpolicella",소고기
"티나치, 아마로네 델라 발포리첼라","Tinazzi, Amarone della Valpolicella",스튜
"티나치, 아마로네 델라 발포리첼라","Tinazzi, Amarone della Valpolicella",양갈비
"티나치, 아마로네 델라 발포리첼라","Tinazzi, Amarone della Valpolicella",스테이크
"티나치, 아마로네 델라 발포리첼라","Tinazzi, Amarone della Valpolicella",족발
"티나치, 아마로네 델라 발포리첼라","Tinazzi, Amarone della Valpolicella",치즈
"티나치, 아마로네 델라 발포리첼라","Tinazzi, Amarone della Valpolicella",파스타
"티나치, 아마로네 델라 발포리첼라","Tinazzi, Amarone della Valpolicella",토마토파스타
"티나치, 아마로네 델라 발포리첼라","Tinazzi, Amarone della Valpolicella",파르메산
"타이투스 빈야드, 카베르네 소비뇽","Titus Vineyards, Cabernet Sauvignon",양갈비
"타이투스 빈야드, 카베르네 소비뇽","Titus Vineyards, Cabernet Sauvignon",치즈
"토마스 쿠지네, 예브레","Tomas Cusine, Llebre",치즈
"토마스 쿠지네, 예브레","Tomas Cusine, Llebre",하몽
"토마스 쿠지네, 예브레","Tomas Cusine, Llebre",견과류
"토마시, 아마로네 델라 발폴리첼라 클라시코","Tommasi, Amarone della Valpolicella Classico",치즈
"토마시, 아마로네 델라 발폴리첼라 클라시코","Tommasi, Amarone della Valpolicella Classico",자두
"토마시, 아마로네 델라 발폴리첼라 클라시코","Tommasi, Amarone della Valpolicella Classico",소고기
"토마시, 아마로네 델라 발폴리첼라 클라시코","Tommasi, Amarone della Valpolicella Classico",양고기
"트라피체, 이스까이 말벡 까베르네 프랑","Trapiche, Iscay Malbec Cabernet Franc",치즈
트리가,Triga,스테이크
트리가,Triga,양고기
트리가,Triga,치즈
"바글리오, 차크라 말벡","Vaglio, Chacra Malbec",파스타
"바글리오, 미페럴 말벡","Vaglio, MiPeral Malbec",치즈
"발레이븐, 카베르네 소비뇽","Valravn, Cabernet Sauvignon Sonoma County",양갈비
"발레이븐, 카베르네 소비뇽","Valravn, Cabernet Sauvignon Sonoma County",치즈
"발레이븐, 피노 누아","Valravn, Pinot Noir",치즈
"발레이븐, 피노 누아","Valravn, Pinot Noir",버섯
"발레이븐, 피노 누아","Valravn, Pinot Noir",파스타
"빌라 알 코르틸레, 부르넬로 디 몬탈치노","Villa Al Cortile, Brunello di Montalcino",트러플
"빌라 알 코르틸레, 부르넬로 디 몬탈치노","Villa Al Cortile, Brunello di Montalcino",족발
"빌라 알 코르틸레, 부르넬로 디 몬탈치노 리제르바","Villa Al Cortile, Brunello di Montalcino Riserva",트러플
"빌라 알 코르틸레, 부르넬로 디 몬탈치노 리제르바","Villa Al Cortile, Brunello di Montalcino Riserva",족발
"비냐 시겔, 지겔 싱글빈야드","Vina Siegel, SIegel Single Vineyard",서양요리
"비냐 시겔, 지겔 싱글빈야드","Vina Siegel, SIegel Single Vineyard",쇠고기
"비냐 시겔, 지겔 싱글빈야드","Vina Siegel, SIegel Single Vineyard",스테이크
"비냐 시겔, 지겔 싱글빈야드","Vina Siegel, SIegel Single Vineyard",양갈비
"비노 델 솔, 타사하라 피노 누아","Vino del Sol, Tassajara Pinot Noir",자두
"비노 델 솔, 타사하라 피노 누아","Vino del Sol, Tassajara Pinot Noir",치즈
"비노 델 솔, 타사하라 피노 누아","Vino del Sol, Tassajara Pinot Noir",버섯
"폴렌바이더, 볼퍼 골드그루베 리슬링 슈페트레제","Vollenweider, Wolfer Goldgrube Riesling Spatlese",한식
"볼레로, 뀌베 마가렛","Vollereaux, Cuvee Marguerite",리조또
"볼레로, 리저브 브뤼","Vollereaux, Reserve Brut",샐러드
"볼레로, 리저브 브뤼","Vollereaux, Reserve Brut",잡채
"볼레로, 리저브 브뤼","Vollereaux, Reserve Brut",아페리티프
"볼레로, 리저브 브뤼","Vollereaux, Reserve Brut",씨푸드
"볼레로, 리저브 브뤼","Vollereaux, Reserve Brut",오일파스타
"볼레로, 리저브 브뤼","Vollereaux, Reserve Brut",새우튀김
"볼레로, 로제 브뤼","Vollereaux, Rose Brut",닭고기
"볼레로, 로제 브뤼","Vollereaux, Rose Brut",샐러드
발트라우드,Waltraud,파스타
"얄룸바, 에덴 밸리 비오니에","Yalumba, Eden Valley Viognier",치즈
"얄룸바, 멘지스 카버네 소비뇽","Yalumba, Menzies Cabernet Sauvignon",치즈
"얄룸바, 옥타비우스 올드 바인 쉬라즈","Yalumba, Octavius Old Vine Shiraz",파스타
"얄룸바, 옥타비우스 올드 바인 쉬라즈","Yalumba, Octavius Old Vine Shiraz",치즈
"얄룸바, 옥타비우스 올드 바인 쉬라즈","Yalumba, Octavius Old Vine Shiraz",바비큐
"얄룸바, 시그너쳐 카버네 쉬라즈","Yalumba, Signature Cabernet Shiraz",불고기
"제트 알렉산더 브라운, 언케이지드 까베르네 쇼비뇽","Z. Alexander Brown, Uncaged Cabernet Sauvignon",스테이크
"제트 알렉산더 브라운, 언케이지드 까베르네 쇼비뇽","Z. Alexander Brown, Uncaged Cabernet Sauvignon",양갈비
"제트 알렉산더 브라운, 언케이지드 까베르네 쇼비뇽","Z. Alexander Brown, Uncaged Cabernet Sauvignon",버섯
"제트 알렉산더 브라운, 언케이지드 레드 블랜드","Z. Alexander Brown, Uncaged Proprietary Red Blend",스테이크
"제트 알렉산더 브라운, 언케이지드 레드 블랜드","Z. Alexander Brown, Uncaged Proprietary Red Blend",견과류
"제트 알렉산더 브라운, 언케이지드 레드 블랜드","Z. Alexander Brown, Uncaged Proprietary Red Blend",한국음식
"제트 알렉산더 브라운, 언케이지드 레드 블랜드","Z. Alexander Brown, Uncaged Proprietary Red Blend",중국요리
"진트 훔브레이트, 진트","Zind Humbrecht, Zind",샐러드
"진트 훔브레이트, 진트","Zind Humbrecht, Zind",가금류
"진트 훔브레이트, 진트","Zind Humbrecht, Zind",해산물
"진트 훔브레이트, 진트","Zind Humbrecht, Zind",치즈