name_korean,name_english,grape_name_korean,grape_name_english
"1881 나파, 카베르네 소비뇽","1881 Napa, Cabernet Sauvignon",쁘띠 베르도,Petit Verdot
"1881 나파, 카베르네 소비뇽","1881 Napa, Cabernet Sauvignon",메를로,Merlot
"1881 나파, 카베르네 소비뇽","1881 Napa, Cabernet Sauvignon",말벡,Malbec
"1881 나파, 카베르네 소비뇽","1881 Napa, Cabernet Sauvignon",카베르네 소비뇽,Cabernet Sauvignon
"1881 나파, 카베르네 소비뇽","1881 Napa, Cabernet Sauvignon",카베르네 프랑,Cabernet Franc
아하리,Ahari,그라시아노,Graciano
아하리,Ahari,템프라니요,Tempranillo
아하리,Ahari,비우라,Viura
"알프레드 그라티엔, 클래식 브뤼","Alfred Gratien, Classic Brut",피노 뮈니에,Pinot Meunier
"알프레드 그라티엔, 클래식 브뤼","Alfred Gratien, Classic Brut",샤르도네,Chardonnay
"알프레드 그라티엔, 클래식 브뤼","Alfred Gratien, Classic Brut",피노 누아,Pinot Noir
"알프레드 그라티엔, 퀴베 파라다이스 브뤼","Alfred Gratien, Cuvee Paradis Brut",피노 누아,Pinot Noir
"알프레드 그라티엔, 퀴베 파라다이스 브뤼","Alfred Gratien, Cuvee Paradis Brut",샤르도네,Chardonnay
"알프레드 그라티엔, 밀레짐 브뤼","Alfred Gratien, Millesime Brut",샤르도네,Chardonnay
"알프레드 그라티엔, 밀레짐 브뤼","Alfred Gratien, Millesime Brut",피노 뮈니에,Pinot Meunier
"알프레드 그라티엔, 밀레짐 브뤼","Alfred Gratien, Millesime Brut",피노 누아,Pinot Noir
"알레그리니, 팔라쪼 델라 토레","Allegrini, Palazzo Della Torre",코르비노네,Corvinone
"알레그리니, 팔라쪼 델라 토레","Allegrini, Palazzo Della Torre",산지오베제,Sangiovese
"알레그리니, 팔라쪼 델라 토레","Allegrini, Palazzo Della Torre",론디넬라,Rondinella
"알레그리니, 팔라쪼 델라 토레","Allegrini, Palazzo Della Torre",코르비나,Corvina
"알타 비스타, 아템포랄 블렌드","Alta Vista, Atemporal Blend",쁘띠 베르도,Petit Verdot
"알타 비스타, 아템포랄 블렌드","Alta Vista, Atemporal Blend",말벡,Malbec
"알타 비스타, 아템포랄 블렌드","Alta Vista, Atemporal Blend",카베르네 소비뇽,Cabernet Sauvignon
"알타 비스타, 싱글 빈야드 테미스","Alta Vista, Single Vineyard Temis",말벡,Malbec
알루아도 샤도네이,Aluado Chardonnay,샤르도네,Chardonnay
"알바로 팔라시오스, 페탈로스","Alvaro Palacios, Petalos",멘시아,Mencia
"앙드레 끌루에, 브뤼 나뛰르 실버","Andre Clouet, Brut Nature Silver",피노 누아,Pinot Noir
"앤드류 윌, 샴푸 빈야드","Andrew Will, Champoux Vineyard",쁘띠 베르도,Petit Verdot
"앤드류 윌, 샴푸 빈야드","Andrew Will, Champoux Vineyard",카베르네 프랑,Cabernet Franc
"앤드류 윌, 샴푸 빈야드","Andrew Will, Champoux Vineyard",카베르네 소비뇽,Cabernet Sauvignon
"앤드류 윌, 샴푸 빈야드","Andrew Will, Champoux Vineyard",메를로,Merlot
"앤드류 윌, 소렐라 레드 와인","Andrew will, Sorella Red Wine",카베르네 프랑,Cabernet Franc
"앤드류 윌, 소렐라 레드 와인","Andrew will, Sorella Red Wine",카베르네 소비뇽,Cabernet Sauvignon
"앤드류 윌, 소렐라 레드 와인","Andrew will, Sorella Red Wine",메를로,Merlot
"앤드류 윌, 소렐라 레드 와인","Andrew will, Sorella Red Wine",쁘띠 베르도,Petit Verdot
"앤드류 윌, 투 블론즈 빈야드 레드 와인","Andrew Will, Two Blondes Vineyard Red Wine",카베르네 프랑,Cabernet Franc
"앤드류 윌, 투 블론즈 빈야드 레드 와인","Andrew Will, Two Blondes Vineyard Red Wine",메를로,Merlot
"앤드류 윌, 투 블론즈 빈야드 레드 와인","Andrew Will, Two Blondes Vineyard Red Wine",카베르네 소비뇽,Cabernet Sauvignon
"앤드류 윌, 투 블론즈 빈야드 레드 와인","Andrew Will, Two Blondes Vineyard Red Wine",말벡,Malbec
앙또냉 귀용 볼네 프리미에 크뤼 끌로 데 셴느,Antonin Guyon Volnay Premier Cru Clos des Chenes,피노 누아,Pinot Noir
"아지엔다 아그리콜라 베라, 바르바레스코","Azienda Argicola Bera, Barbaresco",네비올로,Nebbiolo
"아소르스, 뷸카니코 블랑코","Azores, Vulcanico Branco",베르데호,Verdejo
"아소르스, 뷸카니코 블랑코","Azores, Vulcanico Branco",아린토,Arinto
"바넷 빈야즈, 카버네 소비뇽","Barnett Vineyards, Cabernet Sauvignon",쁘띠 베르도,Petit Verdot
"바넷 빈야즈, 카버네 소비뇽","Barnett Vineyards, Cabernet Sauvignon",메를로,Merlot
"바넷 빈야즈, 카버네 소비뇽","Barnett Vineyards, Cabernet Sauvignon",카베르네 소비뇽,Cabernet Sauvignon
"바넷 빈야즈, 카버네 소비뇽","Barnett Vineyards, Cabernet Sauvignon",카베르네 프랑,Cabernet Franc
"바넷, 멀롯","Barnett Vineyards, Merlot",쁘띠 베르도,Petit Verdot
"바넷, 멀롯","Barnett Vineyards, Merlot",메를로,Merlot
"바넷, 멀롯","Barnett Vineyards, Merlot",카베르네 소비뇽,Cabernet Sauvignon
"바넷, 멀롯","Barnett Vineyards, Merlot",카베르네 프랑,Cabernet Franc
"바스 필립, 크라운 프린스 피노누아","Bass Phillip, Crown Prince Pinot Noir",피노 누아,Pinot Noir
"바스 필립, 에스테이트 샤르도네","Bass Phillip, Estate Chardonnay",샤르도네,Chardonnay
"바스 필립, 에스테이트 피노누아","Bass Phillip, Estate Pinot Noir",피노 누아,Pinot Noir
"바스 필립, 프리미엄 피노 누아","Bass Phillip, Premium Pinot Noir",피노 누아,Pinot Noir
"바스 필립, 리저브 피노 누아","Bass Phillip, Reserve Pinot Noir",피노 누아,Pinot Noir
"베드락, 헤리티지 레드와인","Bedrock, Heritage Red Wine",진판델,Zinfandel
"베드락, 헤리티지 레드와인","Bedrock, Heritage Red Wine",까리냥,Carignan/Carignane
"베드락, 헤리티지 레드와인","Bedrock, Heritage Red Wine",마타로,Mataro
"베드락, 헤리티지 레드와인","Bedrock, Heritage Red Wine",기타 품종,Other Grapes
"베드락, 올드 바인 진판델","Bedrock, Old Vine Zinfandel",진판델,Zinfandel
"벤 마르코, 익스프레시보","Ben Marco, Expresivo",말벡,Malbec
"벤 마르코, 익스프레시보","Ben Marco, Expresivo",카베르네 프랑,Cabernet Franc
"벤 마르코, 신 리미테스 괄탈라리 말벡","Ben Marco, Sin Limites Gualtallary Marbec",말벡,Malbec
"비비 그라츠, 볼라마타","Bibi Graetz, Bollamatta",산지오베제,Sangiovese
블랙 스탈리온 까베르네 소비뇽,Black Stallion Cabernet Sauvignon,쁘띠 쉬라,Petit Syrah
블랙 스탈리온 까베르네 소비뇽,Black Stallion Cabernet Sauvignon,기타 품종,Other Grapes
블랙 스탈리온 까베르네 소비뇽,Black Stallion Cabernet Sauvignon,메를로,Merlot
블랙 스탈리온 까베르네 소비뇽,Black Stallion Cabernet Sauvignon,카베르네 소비뇽,Cabernet Sauvignon
"블랙 스탈리온, 리미티드 릴리즈 포세이돈 샤르도네","Black Stallion, Limited Release Poseidon Chardonnay",샤르도네,Chardonnay
"브리스데일, 더 와이즈 원 타우니 NV","Bleasdale, The Wise One Tawny NV",마타로,Mataro
"브리스데일, 더 와이즈 원 타우니 NV","Bleasdale, The Wise One Tawny NV",베르델호,Verdelho
"브리스데일, 더 와이즈 원 타우니 NV","Bleasdale, The Wise One Tawny NV",틴타 로리즈,Tinta Roriz
"브리스데일, 더 와이즈 원 타우니 NV","Bleasdale, The Wise One Tawny NV",그르나슈,Grenache
"브리스데일, 더 와이즈 원 타우니 NV","Bleasdale, The Wise One Tawny NV",시라/쉬라즈,Syrah/Shiraz
"보데가 차크라, 마인케 샤르도네","Bodega Chacra, Mainque Chardonnay",샤르도네,Chardonnay
"보데가 이 비네도스 산 폴로, 아우카 클래식 말벡","Bodega y Vinedos San Polo, Auka Classic Malbec",말벡,Malbec
"보데가스 까레, 블랑코 소브레 리아스","Bodegas Care, Blanco Sobre Lias",샤르도네,Chardonnay
"보데가스 까레, 블랑코 소브레 리아스","Bodegas Care, Blanco Sobre Lias",가르나차 블랑카,Garnacha Blanca
"보데가스 까로, 아만카야","Bodegas Caro, Amancaya",말벡,Malbec
"보데가스 까로, 아만카야","Bodegas Caro, Amancaya",카베르네 소비뇽,Cabernet Sauvignon
"보데가스 까로, 아루마","Bodegas Caro, Aruma",말벡,Malbec
"보데가스 무가, 아로","Bodegas Muga, Aro",그라시아노,Graciano
"보데가스 무가, 아로","Bodegas Muga, Aro",템프라니요,Tempranillo
"보데가스 무가, 블랑코","Bodegas Muga, Blanco",말바시아,Malvasia
"보데가스 무가, 블랑코","Bodegas Muga, Blanco",비우라,Viura
"보데가스 무가, 프라도 에네아 그랑 레세르바","Bodegas Muga, Prado Enea Grand Reserva",그라시아노,Graciano
"보데가스 무가, 프라도 에네아 그랑 레세르바","Bodegas Muga, Prado Enea Grand Reserva",마주엘로,Mazuelo
"보데가스 무가, 프라도 에네아 그랑 레세르바","Bodegas Muga, Prado Enea Grand Reserva",템프라니요,Tempranillo
"보데가스 무가, 프라도 에네아 그랑 레세르바","Bodegas Muga, Prado Enea Grand Reserva",가르나차,Garnacha
"보데가스 무가, 리제르바 셀렉시옹 에스페시알","Bodegas Muga, Reserva Selection Especial",가르나차,Garnatxa
"보데가스 무가, 리제르바 셀렉시옹 에스페시알","Bodegas Muga, Reserva Selection Especial",템프라니요,Tempranillo
"보데가스 무가, 리제르바 셀렉시옹 에스페시알","Bodegas Muga, Reserva Selection Especial",마주엘로,Mazuelo
"보데가스 무가, 리제르바 셀렉시옹 에스페시알","Bodegas Muga, Reserva Selection Especial",그라시아노,Graciano
"보데가스 무가, 또레 무가","Bodegas Muga, Torre Muga",그라시아노,Graciano
"보데가스 무가, 또레 무가","Bodegas Muga, Torre Muga",템프라니요,Tempranillo
"보데가스 무가, 또레 무가","Bodegas Muga, Torre Muga",마주엘로,Mazuelo
"보데가스 넬레만, 저스트 화이트","Bodegas Neleman, Just Good Wine White",베르딜,Verdil
"보데가스 넬레만, 저스트 화이트","Bodegas Neleman, Just Good Wine White",비오니에,Viognier
"보데가스 넬레만, 저스트 화이트","Bodegas Neleman, Just Good Wine White",소비뇽 블랑,Sauvignon Blanc
"보데가스 넬레만, 저스트 화이트","Bodegas Neleman, Just Good Wine White",샤르도네,Chardonnay
"보글, 쁘띠 시라","Bogle, Petite Sirah",쁘띠 시라,Petite Sirah
"볼랭저, 스페셜 뀌베 브뤼","Bollinger, Special Cuvee Brut",샤르도네,Chardonnay
"볼랭저, 스페셜 뀌베 브뤼","Bollinger, Special Cuvee Brut",피노 뮈니에,Pinot Meunier
"볼랭저, 스페셜 뀌베 브뤼","Bollinger, Special Cuvee Brut",피노 누아,Pinot Noir
"본드, 세인트 이든","Bond, Saint Eden",카베르네 소비뇽,Cabernet Sauvignon
"브란콧 에스테이트, 말보로 레터 'T' 피노누아","Brancott Estate, Marlborough Letter 'T' Pinot Noir",피노 누아,Pinot Noir
"브루어 클리프턴, 산타 리타 힐스 피노 누아","Brewer-Clifton, Sta. Rita Hills Pinot Noir",피노 누아,Pinot Noir
"브레짜, 바롤로 깐누비","Brezza, Barolo Cannubi",네비올로,Nebbiolo
"브루노 지아코사, 바르바레스코 아실리 리제르바","Bruno Giacosa, Barbaresco Asili Riserva",네비올로,Nebbiolo
"브루노 지아코사, 바롤로","Bruno Giacosa, Barolo",네비올로,Nebbiolo
"칸티나 길랑, 패트리샤 피노 누아","Cantina Girlan, Patricia Pinot Noir",피노 누아,Pinot Noir
"칸티나 길랑, 트라트만 피노누아 리세르바","Cantina Girlan, Trattmann Pinot Noir Riserva",피노 누아,Pinot Noir
"칸티네 델 보르고 레알레, 시데레우스 토스카나 로쏘","Cantine del Borgo Reale, Sidereus Toscana Rosso",카베르네 소비뇽,Cabernet Sauvignon
"칸티네 델 보르고 레알레, 시데레우스 토스카나 로쏘","Cantine del Borgo Reale, Sidereus Toscana Rosso",메를로,Merlot
"칸티네 델 보르고 레알레, 시데레우스 토스카나 로쏘","Cantine del Borgo Reale, Sidereus Toscana Rosso",산지오베제,Sangiovese
"칼린 드 파올로, 바르베라 다스티","Carlin de Paolo, Barbera d'Asti 'Ad Libitvm'",바르베라,Barbera
"깔린드 파올로, 바롤로","Carlin de Paolo, Barolo",네비올로,Nebbiolo
까로,Caro,카베르네 소비뇽,Cabernet Sauvignon
까로,Caro,말벡,Malbec
"카르페 디엠, 샤르도네","Carpe Diem, Chardonnay",샤르도네,Chardonnay
"카르페 디엠, 피노 누아","Carpe Diem, Pinot Noir",피노 누아,Pinot Noir
"까르피네토, 파니토 빈산토 델 키안티","Carpineto, Farnito Vinsanto del Chianti",기타 품종,Other Grapes
"까르피네토, 파니토 빈산토 델 키안티","Carpineto, Farnito Vinsanto del Chianti",트레비아노,Trebbiano
"까르피네토, 파니토 빈산토 델 키안티","Carpineto, Farnito Vinsanto del Chianti",말바시아,Malvasia
"까르피네토, 비노 노빌레 디 몬테풀치아노 리제르바","Carpineto, Vino Nobile di Montepulciano Reserva",기타 품종,Other Grapes
"까르피네토, 비노 노빌레 디 몬테풀치아노 리제르바","Carpineto, Vino Nobile di Montepulciano Reserva",산지오베제,Sangiovese
"까르피네토, 비노 노빌레 디 몬테풀치아노 리제르바","Carpineto, Vino Nobile di Montepulciano Reserva",카나이올로,Canaiolo
까르뜨 블랑슈 까베르네 소비뇽,"Carte Blanche, Cabernet Sauvignon",카베르네 소비뇽,Cabernet Sauvignon
"카잘 파르네토, 치마이오","Casal Farneto, Cimaio",베르디키오 비앙코,Verdicchio Bianco
"카시나 치쿠, 랑게 네비올로","Cascina Chicco, Langhe Nebbiolo",네비올로,Nebbiolo
"카스텔로 디 폰테루톨리, 키안티 클라시코","Castello di Fonterutoli, Chianti Classico",산지오베제,Sangiovese
"카스텔로 디 몬테포, 스키디오네","Castello di Montepo, Schidione",메를로,Merlot
"카스텔로 디 몬테포, 스키디오네","Castello di Montepo, Schidione",산지오베제 그로쏘,Sangiovese Grosso
"카스텔로 디 몬테포, 스키디오네","Castello di Montepo, Schidione",카베르네 소비뇽,Cabernet Sauvignon
"카스텔로 디 퀘르체토, 키안티 클라시코","Castello di Querceto, Chianti Classico",기타 품종,Other Grapes
"카스텔로 디 퀘르체토, 키안티 클라시코","Castello di Querceto, Chianti Classico",산지오베제,Sangiovese
"카네타 자파타, 안젤리카 자파타 말벡","Catena Zapata, Angelica Zapata Malbec",말벡,Malbec
"카테나 자파타, 디.브이 카테나 카베르네 히스토리코","Catena Zapata, D.V Catena Cabernet Historico",카베르네 소비뇽,Cabernet Sauvignon
"카테나 자파타, 디.브이 카테나 카베르네 히스토리코","Catena Zapata, D.V Catena Cabernet Historico",카베르네 프랑,Cabernet Franc
"카테나 자파타, 디.브이 카테나 말벡 히스토리코","Catena Zapata, D.V Catena Malbec Historico",말벡,Malbec
"카테나 자파타, 디.브이 카테나 말벡 히스토리코","Catena Zapata, D.V Catena Malbec Historico",쁘띠 베르도,Petit Verdot
"카테나 자파타, 디.브이 카테나 말벡 히스토리코","Catena Zapata, D.V Catena Malbec Historico",보나르다,Bonarda
"셀라 드 캅파네스, 포텐테","Cellar de Capcanes, Potente",카베르네 소비뇽,Cabernet Sauvignon
"셀라 드 캅파네스, 포텐테","Cellar de Capcanes, Potente",가르나차,Garnacha
"셀라 드 캅파네스, 포텐테","Cellar de Capcanes, Potente",까리냥,Carignan/Carignane
셀리에 오 무안 지브리 프리미에 크뤼 클로 뒤 셀리에 오 무안,Cellier aux Moines Givry 1er Cru Clos du Cellier aux Moines,피노 누아,Pinot Noir
셀리에 오 무안 몽타니 프리미에 크뤼 레 콤브,Cellier aux Moines Montagny 1er Cru Les Combes,샤르도네,Chardonnay
셀리에 오 무안 상트네 프리미에 크뤼 보르가르,Cellier aux Moines Santenay 1er Cru Beauregard,샤르도네,Chardonnay
"샴페인 부와젤, 블랑 드 블랑","Champagne Boizel, Blanc de Blanc",샤르도네,Chardonnay
"샴페인 부와젤, 블랑 드 누아","Champagne Boizel, Blanc de Noir",피노 누아,Pinot Noir
"샴페인 부와젤, 브뤼 리저브","Champagne Boizel, Brut Reserve",피노 누아,Pinot Noir
"샴페인 부와젤, 브뤼 리저브","Champagne Boizel, Brut Reserve",샤르도네,Chardonnay
"샴페인 부와젤, 브뤼 리저브","Champagne Boizel, Brut Reserve",피노 뮈니에,Pinot Meunier
"샴페인 드 브노쥬, 꼬르동 블루 브뤼","Champagne de Venoge, Cordon Bleu Brut",피노 누아,Pinot Noir
"샴페인 드 브노쥬, 꼬르동 블루 브뤼","Champagne de Venoge, Cordon Bleu Brut",피노 뮈니에,Pinot Meunier
"샴페인 드 브노쥬, 꼬르동 블루 브뤼","Champagne de Venoge, Cordon Bleu Brut",샤르도네,Chardonnay
"샴페인 드 브노쥬, 루이 도르 브뤼","Champagne de Venoge, Louis d'Or Brut",피노 누아,Pinot Noir
"샴페인 드 브노쥬, 루이 도르 브뤼","Champagne de Venoge, Louis d'Or Brut",샤르도네,Chardonnay
"샴페인 드 브노쥬, 루이 15세 브뤼","Champagne de Venoge, Louis XV",샤르도네,Chardonnay
"샴페인 드 브노쥬, 루이 15세 브뤼","Champagne de Venoge, Louis XV",피노 누아,Pinot Noir
"샴페인 드 브노쥬, 루이 15세 300주년 기념 에디션","Champagne de Venoge, Louis XV 300th Anniversary of the Coronation Edition",샤르도네,Chardonnay
"샴페인 드 브노쥬, 루이 15세 300주년 기념 에디션","Champagne de Venoge, Louis XV 300th Anniversary of the Coronation Edition",피노 누아,Pinot Noir
"샴페인 드라피에, 콰투아","Champagne Drappier, Quattuor",샤르도네,Chardonnay
"샴페인 드라피에, 콰투아","Champagne Drappier, Quattuor",피노 블랑,Pinot Blanc
"샴페인 드라피에, 콰투아","Champagne Drappier, Quattuor",쁘띠 메슬리에,Petit Meslier
"샴페인 드라피에, 콰투아","Champagne Drappier, Quattuor",아르반,Arbanne
"샴페인 유진 쓰리, 트레디션 브뤼","Champagne Eugene III, Tradition Brut",피노 누아,Pinot Noir
"샴페인 유진 쓰리, 트레디션 브뤼","Champagne Eugene III, Tradition Brut",샤르도네,Chardonnay
"샴페인 누빌, 꼬뜨 블랑쉐","Champagne Le Brun de Neuville, Cote Blanche",샤르도네,Chardonnay
"샤를 엘너, 까르뜨 블랑슈 브뤼","Charles Ellner, Carte Blanche Brut",샤르도네,Chardonnay
"샤를 엘너, 까르뜨 블랑슈 브뤼","Charles Ellner, Carte Blanche Brut",피노 누아,Pinot Noir
"샤를 엘너, 프레스티지 밀레짐 브뤼","Charles Ellner, Prestige Millesime Brut",샤르도네,Chardonnay
"샤를 엘너, 프레스티지 밀레짐 브뤼","Charles Ellner, Prestige Millesime Brut",피노 뮈니에,Pinot Meunier
"샤를 엘너, 프레스티지 밀레짐 브뤼","Charles Ellner, Prestige Millesime Brut",피노 누아,Pinot Noir
"샤를 오르방, 블랑 드 누아","Charles Orban, Blanc de Noirs",피노 누아,Pinot Noir
"샤를 오르방, 블랑 드 누아","Charles Orban, Blanc de Noirs",피노 뮈니에,Pinot Meunier
샤또 바따이,Chateau Batailley,카베르네 소비뇽,Cabernet Sauvignon
샤또 바따이,Chateau Batailley,쁘띠 베르도,Petit Verdot
샤또 바따이,Chateau Batailley,카베르네 프랑,Cabernet Franc
샤또 바따이,Chateau Batailley,메를로,Merlot
샤또 브라네르 뒤크뤼,Chateau Branaire Ducru,카베르네 프랑,Cabernet Franc
샤또 브라네르 뒤크뤼,Chateau Branaire Ducru,카베르네 소비뇽,Cabernet Sauvignon
샤또 브라네르 뒤크뤼,Chateau Branaire Ducru,메를로,Merlot
샤또 브라네르 뒤크뤼,Chateau Branaire Ducru,쁘띠 베르도,Petit Verdot
샤또 시트랑,Chateau Citran,카베르네 프랑,Cabernet Franc
샤또 시트랑,Chateau Citran,카베르네 소비뇽,Cabernet Sauvignon
샤또 시트랑,Chateau Citran,메를로,Merlot
샤또 끌리네,Chateau Clinet,메를로,Merlot
샤또 끌리네,Chateau Clinet,카베르네 소비뇽,Cabernet Sauvignon
샤또 끌리네,Chateau Clinet,카베르네 프랑,Cabernet Franc
"샤또 드 보카스텔, 샤또네프 뒤 빠쁘 루즈","Chateau de Beaucastel, Chateauneuf du Pape Rouge",기타 품종,Other Grapes
"샤또 드 보카스텔, 샤또네프 뒤 빠쁘 루즈","Chateau de Beaucastel, Chateauneuf du Pape Rouge",쌩쏘,Cinsault
"샤또 드 보카스텔, 샤또네프 뒤 빠쁘 루즈","Chateau de Beaucastel, Chateauneuf du Pape Rouge",그르나슈,Grenache
"샤또 드 보카스텔, 샤또네프 뒤 빠쁘 루즈","Chateau de Beaucastel, Chateauneuf du Pape Rouge",무르베드르,Mourvedre
"샤또 드 보카스텔, 샤또네프 뒤 빠쁘 루즈","Chateau de Beaucastel, Chateauneuf du Pape Rouge",시라/쉬라즈,Syrah/Shiraz
샤또 드 페즈,Chateau de Pez,카베르네 소비뇽,Cabernet Sauvignon
샤또 드 페즈,Chateau de Pez,쁘띠 베르도,Petit Verdot
샤또 드 페즈,Chateau de Pez,메를로,Merlot
샤또 피작,Chateau Figeac,카베르네 프랑,Cabernet Franc
샤또 피작,Chateau Figeac,카베르네 소비뇽,Cabernet Sauvignon
샤또 피작,Chateau Figeac,메를로,Merlot
샤토 장 파우레,Chateau Jean Faure,메를로,Merlot
샤토 장 파우레,Chateau Jean Faure,카베르네 프랑,Cabernet Franc
샤토 장 파우레,Chateau Jean Faure,말벡,Malbec
샤또 마고,Chateau Margaux,쁘띠 베르도,Petit Verdot
샤또 마고,Chateau Margaux,카베르네 소비뇽,Cabernet Sauvignon
샤또 마고,Chateau Margaux,카베르네 프랑,Cabernet Franc
샤또 마고,Chateau Margaux,메를로,Merlot
"샤또 몬텔레나, 나파 밸리 샤도네이","Chateau Montelena, Napa Valley Chardonnay",샤르도네,Chardonnay
샤토 폴 마스 클로 사비냑,Chateau Paul Mas Clos Savignac,시라/쉬라즈,Syrah/Shiraz
샤토 폴 마스 클로 사비냑,Chateau Paul Mas Clos Savignac,무르베드르,Mourvedre
샤토 폴 마스 클로 사비냑,Chateau Paul Mas Clos Savignac,그르나슈,Grenache
샤또 퐁테 카네,Chateau Pontet Canet,카베르네 프랑,Cabernet Franc
샤또 퐁테 카네,Chateau Pontet Canet,카베르네 소비뇽,Cabernet Sauvignon
샤또 퐁테 카네,Chateau Pontet Canet,메를로,Merlot
샤또 퐁테 카네,Chateau Pontet Canet,쁘띠 베르도,Petit Verdot
"샤또 뽀띠롱, 뀌베 엑셀런스","Chateau Potiron, Cuvee Excellence",카베르네 소비뇽,Cabernet Sauvignon
"샤또 뽀띠롱, 뀌베 엑셀런스","Chateau Potiron, Cuvee Excellence",메를로,Merlot
"샤또 뽀띠롱, 뀌베 엑셀런스","Chateau Potiron, Cuvee Excellence",카베르네 프랑,Cabernet Franc
샤또 라울 그라브 블랑,Chateau Rahoul Graves Blanc,소비뇽 블랑,Sauvignon Blanc
샤또 라울 그라브 블랑,Chateau Rahoul Graves Blanc,세미용,Semillon
"샤또 생진, 생 세파쥬","Chateau St. Jean, Cinq Cepages",말벡,Malbec
"샤또 생진, 생 세파쥬","Chateau St. Jean, Cinq Cepages",카베르네 소비뇽,Cabernet Sauvignon
"샤또 생진, 생 세파쥬","Chateau St. Jean, Cinq Cepages",카베르네 프랑,Cabernet Franc
"샤또 생진, 생 세파쥬","Chateau St. Jean, Cinq Cepages",메를로,Merlot
"샤또 생진, 생 세파쥬","Chateau St. Jean, Cinq Cepages",쁘띠 베르도,Petit Verdot
"샤토 생 미셸, 컬럼비아 밸리 리슬링","Chateau Ste. Michelle, Columbia Valley Riesling",리슬링,Riesling
샤또 딸보,Chateau Talbot,카베르네 소비뇽,Cabernet Sauvignon
샤또 딸보,Chateau Talbot,카베르네 프랑,Cabernet Franc
샤또 딸보,Chateau Talbot,메를로,Merlot
샤또 딸보,Chateau Talbot,쁘띠 베르도,Petit Verdot
샤또 발란드로,Chateau Valandraud,카베르네 프랑,Cabernet Franc
샤또 발란드로,Chateau Valandraud,카베르네 소비뇽,Cabernet Sauvignon
샤또 발란드로,Chateau Valandraud,말벡,Malbec
샤또 발란드로,Chateau Valandraud,메를로,Merlot
"치아봇 베르통, 바롤로 1961","Ciabot Berton, Barolo 1961",네비올로,Nebbiolo
"치아봇 베르통, 바롤로 라 모라","Ciabot Berton, Barolo La Morra",네비올로,Nebbiolo
"치아봇 베르통, 바롤로 로케테비노","Ciabot Berton, Barolo Rocchettevino",네비올로,Nebbiolo
"클리프 레이디, 펠 샤도네이","Cliff Lede, Fel Chardonnay",샤르도네,Chardonnay
"폴 케브라다 드 마쿨, 페냐롤렌 테즈","Clos Quebrada de Macul, Penalolen Tez",카베르네 프랑,Cabernet Franc
"폴 케브라다 드 마쿨, 페냐롤렌 테즈","Clos Quebrada de Macul, Penalolen Tez",쁘띠 베르도,Petit Verdot
"폴 케브라다 드 마쿨, 페냐롤렌 테즈","Clos Quebrada de Macul, Penalolen Tez",카베르네 소비뇽,Cabernet Sauvignon
"콜도르치아, 올마이아 산탄티모 까베르네","Col d'Orcia, Olmaia Sant'antimo Cabernet",카베르네 소비뇽,Cabernet Sauvignon
"콜레프리지오, 아파시멘토","Collefrisio, Appassimento",몬테풀치아노,Montepulciano
"콜레프리지오, 아파시멘토","Collefrisio, Appassimento",산지오베제,Sangiovese
"콜레프리지오, 아파시멘토","Collefrisio, Appassimento",메를로,Merlot
"콜레프리지오, 칸프란토","Collefrisio, Confronto",프리미티보,Primitivo
"콜레프리지오, 칸프란토","Collefrisio, Confronto",몬테풀치아노,Montepulciano
"콜레프리지오, 인 앤 아웃","Collefrisio, In & Out",몬테풀치아노,Montepulciano
"콜레프리지오, 세미스","Collefrisio, Semis",몬테풀치아노,Montepulciano
"콘트라또, 밀레시마토 엑스트라 브뤼","Contratto, Millesimato Extra Brut",샤르도네,Chardonnay
"콘트라또, 밀레시마토 엑스트라 브뤼","Contratto, Millesimato Extra Brut",피노 누아,Pinot Noir
코넌드럼 화이트,Conundrum White,세미용,Semillon
코넌드럼 화이트,Conundrum White,비오니에,Viognier
코넌드럼 화이트,Conundrum White,샤르도네,Chardonnay
코넌드럼 화이트,Conundrum White,소비뇽 블랑,Sauvignon Blanc
코넌드럼 화이트,Conundrum White,뮈스까,Muscat
컬트 카베르네 소비뇽,Cult Cabernet Sauvignon,카베르네 소비뇽,Cabernet Sauvignon
"달 포르노 로마노, 아마로네 델라 발포리첼라","Dal Forno Romano, Amarone della Valpolicella",오세레타,Oseleta
"달 포르노 로마노, 아마로네 델라 발포리첼라","Dal Forno Romano, Amarone della Valpolicella",론디넬라,Rondinella
"달 포르노 로마노, 아마로네 델라 발포리첼라","Dal Forno Romano, Amarone della Valpolicella",크로아티나,Croatina
"달 포르노 로마노, 아마로네 델라 발포리첼라","Dal Forno Romano, Amarone della Valpolicella",코르비나,Corvina
"달 포르노 로마노, 발폴리첼라 수페리오레","Dal Forno Romano, Valpolicella Superiore",론디넬라,Rondinella
"달 포르노 로마노, 발폴리첼라 수페리오레","Dal Forno Romano, Valpolicella Superiore",크로아티나,Croatina
"달 포르노 로마노, 발폴리첼라 수페리오레","Dal Forno Romano, Valpolicella Superiore",코르비나,Corvina
"달 포르노 로마노, 발폴리첼라 수페리오레","Dal Forno Romano, Valpolicella Superiore",오세레타,Oseleta
"다나 에스테이트, 바소 카베르네 소비뇽","Dana Estates, Vaso Cabernet Sauvignon",쁘띠 베르도,Petit Verdot
"다나 에스테이트, 바소 카베르네 소비뇽","Dana Estates, Vaso Cabernet Sauvignon",카베르네 프랑,Cabernet Franc
"다나 에스테이트, 바소 카베르네 소비뇽","Dana Estates, Vaso Cabernet Sauvignon",카베르네 소비뇽,Cabernet Sauvignon
"다나 에스테이트, 바소 카베르네 소비뇽","Dana Estates, Vaso Cabernet Sauvignon",말벡,Malbec
"다나 에스테이트, 바소 카베르네 소비뇽","Dana Estates, Vaso Cabernet Sauvignon",메를로,Merlot
"다리우스 II, 카베르네 소비뇽","Darius II, Cabernet Sauvignon",카베르네 프랑,Cabernet Franc
"다리우스 II, 카베르네 소비뇽","Darius II, Cabernet Sauvignon",카베르네 소비뇽,Cabernet Sauvignon
"드 샹세니, 크레망 드 루아르 브뤼","De Chanceny, Cremant de Loire Brut",샤르도네,Chardonnay
"드 샹세니, 크레망 드 루아르 브뤼","De Chanceny, Cremant de Loire Brut",슈냉 블랑,Chenin Blanc
"드 샹세니, 크레망 드 루아르 브뤼","De Chanceny, Cremant de Loire Brut",카베르네 프랑,Cabernet Franc
"디코이, 피노누아","Decoy, Pinot Noir",피노 누아,Pinot Noir
들라스 에르미타주 도멘 데 뚜레뜨,Delas Hermitage Domaine des Tourettes,시라/쉬라즈,Syrah/Shiraz
"디오블릿, 조토비치 패밀리 빈야드 피노 누아","Deovlet, Zotovich Family Vineyard Pinot Noir",피노 누아,Pinot Noir
"도츠, 윌리엄 도츠","Deutz, William Deutz",피노 누아,Pinot Noir
"도츠, 윌리엄 도츠","Deutz, William Deutz",피노 뮈니에,Pinot Meunier
"도츠, 윌리엄 도츠","Deutz, William Deutz",샤르도네,Chardonnay
드보 뀌베 디,Devaux Cuvee D,피노 누아,Pinot Noir
드보 뀌베 디,Devaux Cuvee D,샤르도네,Chardonnay
"디왈드 와인, 리드 아이젠훝 리슬링","Diwald Wine, Ried Eisenhut 1OTW Riesling",리슬링,Riesling
"돔 꾸드론, 슈블리미티","Dom Caudron, Sublimite",피노 뮈니에,Pinot Meunier
"돔 꾸드론, 슈블리미티","Dom Caudron, Sublimite",샤르도네,Chardonnay
"도멘 앤더슨 에스테이트, 샤르도네 앤더슨 밸리","Domaine Anderson Estate, Chardonnay Anderson Valley",샤르도네,Chardonnay
"도멘 앤더슨 에스테이트, 피노 누아 앤더슨 밸리","Domaine Anderson, Estate Pinot Noir Anderson Valley",피노 누아,Pinot Noir
"도멘 앙또넹 기용, 뫼르소 샤르므 프르미에 크뤼 '레 샤름 드쉬'","Domaine Antonin Guyon, Meursault Charmes 1er Cru 'Les Charmes Dessus'",샤르도네,Chardonnay
"도멘 생 미셸, 브뤼","Domaine Ste. Michelle, Brut",피노 뮈니에,Pinot Meunier
"도멘 생 미셸, 브뤼","Domaine Ste. Michelle, Brut",샤르도네,Chardonnay
"도멘 생 미셸, 브뤼","Domaine Ste. Michelle, Brut",피노 누아,Pinot Noir
"된호프, 니더하우저 헤르만숄레 리슬링 슈페트레제","Dönnhoff, Niederhauser Hermannshole Riesling Spatlese",리슬링,Riesling
"된호프, 리슬링 파인헤릅","Dönnhoff, Riesling Feinherb",리슬링,Riesling
"두르뜨, 뉘메로 엥 소비뇽 블랑","Dourthe, No.1 Sauvignon Blanc",소비뇽 블랑,Sauvignon Blanc
"듀몰, 하이디 빈야드 샤도네이","DuMOL, Hyde Vineyard Chardonnay",샤르도네,Chardonnay
"듀몰, 웨스터 리치 샤도네이","DuMOL, Wester Reach Chardonnay Russian River Valley",샤르도네,Chardonnay
"듀몰, 웨스터 리치 피노 누아","DuMOL, Wester Reach Pinot Noir",피노 누아,Pinot Noir
"에라스, 오리건 피노 누아","Erath, Oregon Pinot Noir",피노 누아,Pinot Noir
에토스 리저브 까베르네 소비뇽,Ethos Reserve Cabernet Sauvignon,메를로,Merlot
에토스 리저브 까베르네 소비뇽,Ethos Reserve Cabernet Sauvignon,카베르네 소비뇽,Cabernet Sauvignon
"파 니엔테, 나파 밸리 카버네 소비뇽","Far Niente, Napa Valley Cabernet Sauvignon",메를로,Merlot
"파 니엔테, 나파 밸리 카버네 소비뇽","Far Niente, Napa Valley Cabernet Sauvignon",말벡,Malbec
"파 니엔테, 나파 밸리 카버네 소비뇽","Far Niente, Napa Valley Cabernet Sauvignon",카베르네 소비뇽,Cabernet Sauvignon
"파 니엔테, 나파 밸리 카버네 소비뇽","Far Niente, Napa Valley Cabernet Sauvignon",카베르네 프랑,Cabernet Franc
"파 니엔테, 나파 밸리 카버네 소비뇽","Far Niente, Napa Valley Cabernet Sauvignon",쁘띠 베르도,Petit Verdot
"파머스 립, 더 브레이브","Farmer's Leap, The Brave",시라/쉬라즈,Syrah/Shiraz
"파토리아 데이 바르비, 브루넬로 디 몬탈치노 '비냐 델 피오르'","Fattoria dei Barbi, Brunello di Montalcino 'Vigna del Fiore'",산지오베제,Sangiovese
페더 카베르네 소비뇽,Feather Cabernet Sauvignon,카베르네 소비뇽,Cabernet Sauvignon
"핀까 엘 오리엔, 말벡","Finca el Origen, Malbec",말벡,Malbec
"핀까 엘 오리엔, 레세르바 까베르네 소비뇽","Finca el Origen, Reserva Cabernet Sauvignon",카베르네 소비뇽,Cabernet Sauvignon
"핀까 엘 오리엔, 리세르바 말벡","Finca el Origen, Reserva Malbec",말벡,Malbec
"프랑소와 크로쉐, 상세르 블랑 에그질","Francois Crochet, Sancerre Blanc Exils",소비뇽 블랑,Sauvignon Blanc
"프랑소와 크로쉐, 상세르 블랑 레 자무레즈","Francois Crochet, Sancerre Blanc Les Amoureuses",소비뇽 블랑,Sauvignon Blanc
"프랑크 패밀리, 나파 밸리 카베르네 소비뇽","Frank Family, Napa Valley Cabernet Sauvignon",메를로,Merlot
"프랑크 패밀리, 나파 밸리 카베르네 소비뇽","Frank Family, Napa Valley Cabernet Sauvignon",카베르네 프랑,Cabernet Franc
"프랑크 패밀리, 나파 밸리 카베르네 소비뇽","Frank Family, Napa Valley Cabernet Sauvignon",카베르네 소비뇽,Cabernet Sauvignon
"프랑크 패밀리, 진판델 나파 밸리","Frank Family, Zinfandel Napa Valley",진판델,Zinfandel
"프랑크 패밀리, 진판델 나파 밸리","Frank Family, Zinfandel Napa Valley",쁘띠 쉬라,Petit Syrah
"프리먼, 아키코 퀴베 피노누아","Freeman, Akiko's Cuvee Pinot Noir",피노 누아,Pinot Noir
"프리먼, 호크힐 샤도네이","Freeman, Hawk Hill Chardonnay",샤르도네,Chardonnay
"프레스코발디, 알리에 로제","Frescobaldi, Alie Rose",시라/쉬라즈,Syrah/Shiraz
"프레스코발디, 알리에 로제","Frescobaldi, Alie Rose",베르멘티노,Vermentino
"프레스코발디, 카스텔지오콘도 브루넬로 디 몬탈치노","Frescobaldi, Castelgiocondo Brunello di Montalcino",산지오베제,Sangiovese
"프레스코발디, 카스텔지오콘도 라마이오네","Frescobaldi, Castelgiocondo Lamaione",메를로,Merlot
"프레스코발디, 니포짜노 키안티 루피나 몬테소디","Frescobaldi, Nipozzano Chianti Rufina Riserva Montesodi",산지오베제,Sangiovese
"프레스코발디, 니포짜노 모모레토","Frescobaldi, Nipozzano Mormoreto",산지오베제,Sangiovese
"프레스코발디, 니포짜노 모모레토","Frescobaldi, Nipozzano Mormoreto",쁘띠 베르도,Petit Verdot
"프레스코발디, 니포짜노 모모레토","Frescobaldi, Nipozzano Mormoreto",카베르네 프랑,Cabernet Franc
"프레스코발디, 니포짜노 모모레토","Frescobaldi, Nipozzano Mormoreto",카베르네 소비뇽,Cabernet Sauvignon
"프레스코발디, 테누타 카스틸리오니 지라몬테","Frescobaldi, Tenuta Castiglioni Giramonte",메를로,Merlot
"프레스코발디, 테누타 카스틸리오니 지라몬테","Frescobaldi, Tenuta Castiglioni Giramonte",산지오베제,Sangiovese
"프레스코발디, 테누타 카스틸리오니 토스카나","Frescobaldi, Tenuta Castiglioni Toscana",카베르네 소비뇽,Cabernet Sauvignon
"프레스코발디, 테누타 카스틸리오니 토스카나","Frescobaldi, Tenuta Castiglioni Toscana",산지오베제,Sangiovese
"프레스코발디, 테누타 카스틸리오니 토스카나","Frescobaldi, Tenuta Castiglioni Toscana",메를로,Merlot
"프레스코발디, 테누타 카스틸리오니 토스카나","Frescobaldi, Tenuta Castiglioni Toscana",카베르네 프랑,Cabernet Franc
"가야, 바르바레스코","Gaja, Barbaresco",네비올로,Nebbiolo
"가야, 콘테이사","Gaja, Conteisa",네비올로,Nebbiolo
"가야, 콘테이사","Gaja, Conteisa",바르베라,Barbera
"가야, 코스타 루씨","Gaja, Costa Russi",네비올로,Nebbiolo
"가야, 로씨 바쓰","Gaja, Rossj Bass",샤르도네,Chardonnay
"가야, 로씨 바쓰","Gaja, Rossj Bass",소비뇽 블랑,Sauvignon Blanc
"가야, 소리 틸딘","Gaja, Sori Tildin",네비올로,Nebbiolo
"자이언트 스텝스, 애플잭빈야드 샤도네이","Giant Steps, Applejack Vineyard Chardonnay",샤르도네,Chardonnay
"자이언트 스텝스, 섹스톤 빈야드 피노 누아","Giant Steps, Sexton Vineyard Pinot Noir",피노 누아,Pinot Noir
"지라드, 까베르네 소비뇽","Girard, Cabernet Sauvignon",메를로,Merlot
"지라드, 까베르네 소비뇽","Girard, Cabernet Sauvignon",카베르네 소비뇽,Cabernet Sauvignon
"지울리오 페라리, 리세르바","Giulio Ferrari, Riserva del Fondatore",샤르도네,Chardonnay
"쥬세페 코르테제, 바르바레스코","Giuseppe Cortese, Barbaresco",네비올로,Nebbiolo
"쥬세페 코르테제, 바르바레스코 라바야","Giuseppe Cortese, Barbaresco Rabaja",네비올로,Nebbiolo
고 투 어 '일라운',Go To a 'Iraun',마투라나 틴타,Maturana Tinta
고 투 어 '일라운',Go To a 'Iraun',비우라,Viura
고 투 어 '일라운',Go To a 'Iraun',가르나차 블랑카,Garnacha Blanca
"그랜드 나파, 마스터 레드","Grand Napa, Master Red",메를로,Merlot
"그랜드 나파, 마스터 레드","Grand Napa, Master Red",말벡,Malbec
"그랜드 나파, 마스터 레드","Grand Napa, Master Red",카베르네 소비뇽,Cabernet Sauvignon
"그랜드 나파, 오크빌 카베르네 소비뇽","Grand Napa, Oakville Cabernet Sauvignon",메를로,Merlot
"그랜드 나파, 오크빌 카베르네 소비뇽","Grand Napa, Oakville Cabernet Sauvignon",쁘띠 베르도,Petit Verdot
"그랜드 나파, 오크빌 카베르네 소비뇽","Grand Napa, Oakville Cabernet Sauvignon",말벡,Malbec
"그랜드 나파, 오크빌 카베르네 소비뇽","Grand Napa, Oakville Cabernet Sauvignon",카베르네 프랑,Cabernet Franc
"그랜드 나파, 오크빌 카베르네 소비뇽","Grand Napa, Oakville Cabernet Sauvignon",카베르네 소비뇽,Cabernet Sauvignon
"그라티엔 & 메이어, 끌레망 드 루아르 브뤼","Gratien & Meyer, Cremant de Loire Brut",샤르도네,Chardonnay
"그라티엔 & 메이어, 끌레망 드 루아르 브뤼","Gratien & Meyer, Cremant de Loire Brut",카베르네 프랑,Cabernet Franc
"그라티엔 & 메이어, 끌레망 드 루아르 브뤼","Gratien & Meyer, Cremant de Loire Brut",슈냉 블랑,Chenin Blanc
"그라티엔 & 메이어, 끌레망 드 루아르 브뤼","Gratien & Meyer, Cremant de Loire Brut",피노 누아,Pinot Noir
"그로브 밀, 소비뇽 블랑","Grove Mill, Sauvignon Blanc",소비뇽 블랑,Sauvignon Blanc
"하멜 패밀리 와인스, 이스무스","Hamel Family Wines, Isthmus",메를로,Merlot
"하멜 패밀리 와인스, 이스무스","Hamel Family Wines, Isthmus",카베르네 소비뇽,Cabernet Sauvignon
"하멜 패밀리 와인스, 이스무스","Hamel Family Wines, Isthmus",카베르네 프랑,Cabernet Franc
"하이츠 셀라, Lot C-91 카베르네 소비뇽","Heitz Cellar, Lot C-91 Cabernet Sauvignon",카베르네 소비뇽,Cabernet Sauvignon
"후버, 리슬링 엔젤스베르크","Huber, Riesling Engelsberg",리슬링,Riesling
"허드슨 빈야드, 카네로스 샤도네이","Hudson Vineyards, Carneros Chardonnay",샤르도네,Chardonnay
"휴 해밀턴, 에이전트 프로바케터","Hugh Hamilton, Agent Provocateur",그르나슈,Grenache
"휴 해밀턴, 에이전트 프로바케터","Hugh Hamilton, Agent Provocateur",샤르도네,Chardonnay
"휴 해밀턴, 에이전트 프로바케터","Hugh Hamilton, Agent Provocateur",게뷔르츠트라미너,Gewurztraminer
"휴 해밀턴, 에이전트 프로바케터","Hugh Hamilton, Agent Provocateur",투리가 나시오날,Touriga Nacional
"휴 해밀턴, 에이전트 프로바케터","Hugh Hamilton, Agent Provocateur",비오니에,Viognier
"휴 해밀턴, 에이전트 프로바케터","Hugh Hamilton, Agent Provocateur",프론티냑,Frontignac
"위레 프레르, 떼르 나딸 엑스트라 브뤼","Hure Freres, Terre Natal Extra Brut",피노 뮈니에,Pinot Meunier
"위레 프레르, 떼르 나딸 엑스트라 브뤼","Hure Freres, Terre Natal Extra Brut",피노 누아,Pinot Noir
"위레 프레르, 떼르 나딸 엑스트라 브뤼","Hure Freres, Terre Natal Extra Brut",샤르도네,Chardonnay
"일 보로, 로제 델 보로","Il Borro, Rose del Borro",산지오베제,Sangiovese
"이노바투스, 카베르네 소비뇽 나파밸리","Innovatus, Cabernet Sauvignon Napa Valley",카베르네 소비뇽,Cabernet Sauvignon
"이스티네, 키안티 클라시코","Istine, Chianti Classico",산지오베제,Sangiovese
"이스티네, 키안티 클라시코 리제르바 '레비녜'","Istine, Chianti Classico Riserva 'Levigne'",산지오베제,Sangiovese
제이 윌크스 까베르네 소비뇽,J.Wilkes Cabernet Sauvignon,카베르네 소비뇽,Cabernet Sauvignon
제이 윌크스 까베르네 소비뇽,J.Wilkes Cabernet Sauvignon,라그레인,Lagrein
"잼 셀러즈, 버터 샤도네이 캘리포니아","JaM Cellars, Butter Chardonnay California",샤르도네,Chardonnay
"쟝 마크 브와이요, 풀리니 몽라쉐","Jean Marc Boilllot, Puligny Montrachet",샤르도네,Chardonnay
"조셉 칼, 카베르네 소비뇽","Joseph Carr, Cabernet Sauvignon",카베르네 프랑,Cabernet Franc
"조셉 칼, 카베르네 소비뇽","Joseph Carr, Cabernet Sauvignon",카베르네 소비뇽,Cabernet Sauvignon
"조셉 칼, 카베르네 소비뇽","Joseph Carr, Cabernet Sauvignon",말벡,Malbec
"조셉 칼, 카베르네 소비뇽","Joseph Carr, Cabernet Sauvignon",쁘띠 베르도,Petit Verdot
"조셉 칼, 카베르네 소비뇽","Joseph Carr, Cabernet Sauvignon",쁘띠 시라,Petite Sirah
"조셉 칼, 샤도네이","Joseph Carr, Chardonnay",샤르도네,Chardonnay
"조셉 페리에, 뀌베 로얄 브뤼","Joseph Perrier, Cuvee Royal Brut",피노 누아,Pinot Noir
"조셉 페리에, 뀌베 로얄 브뤼","Joseph Perrier, Cuvee Royal Brut",피노 뮈니에,Pinot Meunier
"조셉 페리에, 뀌베 로얄 브뤼","Joseph Perrier, Cuvee Royal Brut",샤르도네,Chardonnay
"조셉 페리에, 뀌베 로얄 뀌베 조세핀","Joseph Perrier, Cuvee Royal Cuvee Josephin",피노 누아,Pinot Noir
"조셉 페리에, 뀌베 로얄 뀌베 조세핀","Joseph Perrier, Cuvee Royal Cuvee Josephin",샤르도네,Chardonnay
"조쉬, 카베르네 소비뇽","Josh, Cabernet Sauvignon",루비 카베르네,Ruby Cabernet
"조쉬, 카베르네 소비뇽","Josh, Cabernet Sauvignon",시라/쉬라즈,Syrah/Shiraz
"조쉬, 카베르네 소비뇽","Josh, Cabernet Sauvignon",쁘띠 베르도,Petit Verdot
"조쉬, 카베르네 소비뇽","Josh, Cabernet Sauvignon",카베르네 소비뇽,Cabernet Sauvignon
"조쉬, 카베르네 소비뇽","Josh, Cabernet Sauvignon",블렌드,Blend
"조쉬, 카베르네 소비뇽","Josh, Cabernet Sauvignon",쁘띠 시라,Petite Sirah
"조쉬, 샤르도네","Josh, Chardonnay",샤르도네,Chardonnay
"조쉬, 노스 코스트 리저브 샤르도네","Josh, North Coast Reserve Chardonnay",샤르도네,Chardonnay
"켄 라이트 셀러즈, 오릭 피노 누아","Ken Wright Cellars, Auric Pinot Noir",피노 누아,Pinot Noir
"켄 라이트 셀러즈, 피노 누아","Ken Wright Cellars, Pinot Noir",피노 누아,Pinot Noir
"캔우드, 더 반 피노누아","Kenwood, The Barn Pinot Noir",피노 누아,Pinot Noir
"코코모, 진판델 드라이 크릭 밸리","Kokomo, Zinfandel Dry Creek Valley",진판델,Zinfandel
"레꼴 No 41, 슈냉 블랑 올드 바인","L'Ecole No 41, Chenin Blanc Old Vines",슈냉 블랑,Chenin Blanc
"레꼴 No 41, 콜럼비아 밸리 샤도네이","L'Ecole No 41, Columbia Valley Chardonnay",샤르도네,Chardonnay
"라 크레마, 러시안 리버 밸리 피노 누아","La Crema, Russian River Valley Pinot Noir",피노 누아,Pinot Noir
"라 크레마, 소노마 코스트 피노 누아","La Crema, Sonoma Coast Pinot Noir",피노 누아,Pinot Noir
"라 포데리나, 로쏘 디 몬탈치노","La Poderina, Rosso di Montalcino",산지오베제,Sangiovese
"라 스피네따, 키안티 리제르바","La Spinetta, Chianti Riserva",산지오베제,Sangiovese
"레일 빈야드, 블루 프린트 나파 밸리 소비뇽 블랑","Lail Vineyards, Blue Print Napa Valley Sauvignon Blanc",소비뇽 블랑,Sauvignon Blanc
"라포스톨, 뀌베 알렉상드르 까베르네 소비뇽","Lapostolle, Cuvee Alexandre Cabernet Sauvignon",카베르네 프랑,Cabernet Franc
"라포스톨, 뀌베 알렉상드르 까베르네 소비뇽","Lapostolle, Cuvee Alexandre Cabernet Sauvignon",카르메네르,Carmenere
"라포스톨, 뀌베 알렉상드르 까베르네 소비뇽","Lapostolle, Cuvee Alexandre Cabernet Sauvignon",카베르네 소비뇽,Cabernet Sauvignon
"라포스톨, 라 팔셀 8","Lapostolle, La Parcelle 8",카베르네 소비뇽,Cabernet Sauvignon
"로랑 페리에, 뀌베 로제 브뤼","Laurent Perrier, Cuvee Rose Brut",피노 누아,Pinot Noir
"로랑 페리에, 그랑 시에클","Laurent Perrier, Grand Siecle",피노 누아,Pinot Noir
"로랑 페리에, 그랑 시에클","Laurent Perrier, Grand Siecle",샤르도네,Chardonnay
"로랑 페리에, 하모니 드미 섹","Laurent Perrier, Harmony Demi Sec",피노 뮈니에,Pinot Meunier
"로랑 페리에, 하모니 드미 섹","Laurent Perrier, Harmony Demi Sec",피노 누아,Pinot Noir
"로랑 페리에, 하모니 드미 섹","Laurent Perrier, Harmony Demi Sec",샤르도네,Chardonnay
"로랑 페리에, 라 뀌베 브뤼","Laurent Perrier, La Cuvee Brut",피노 누아,Pinot Noir
"로랑 페리에, 라 뀌베 브뤼","Laurent Perrier, La Cuvee Brut",피노 뮈니에,Pinot Meunier
"로랑 페리에, 라 뀌베 브뤼","Laurent Perrier, La Cuvee Brut",샤르도네,Chardonnay
"로랑 페리에, 빈티지 브뤼","Laurent Perrier, Vintage Brut",샤르도네,Chardonnay
"로랑 페리에, 빈티지 브뤼","Laurent Perrier, Vintage Brut",피노 누아,Pinot Noir
"리비오 펠루가, 테레 알테","Livio Felluga, Terre Alte",피노 비앙코,Pinot Bianco
"리비오 펠루가, 테레 알테","Livio Felluga, Terre Alte",소비뇽 블랑,Sauvignon Blanc
"리비오 펠루가, 테레 알테","Livio Felluga, Terre Alte",베르두초 프리울라노,Verduzzo Friulano
"로렌조 데 아그렐로, 로벤디토 말벡","Lorenzo de Agrelo, LoBendito Malbec",말벡,Malbec
"로르나노, 키안티 클라시코 그란 셀레지오네","Lornano, Chianti Classico Gran Selezione",산지오베제,Sangiovese
"로르나노, 키안티 클라시코 레제르바 '레 반디트'","Lornano, Chianti Classico Reserva 'Le Bandite'",산지오베제,Sangiovese
"로스 바스코스, 카베르네 쇼비뇽","Los Vascos, Cabernet Sauvignon",카베르네 소비뇽,Cabernet Sauvignon
"로스 바스코스, 샤도네이","Los Vascos, Chardonnay",샤르도네,Chardonnay
"로스 바스코스, 크로마스 까베르네 소비뇽","Los Vascos, Cromas Cabernet Sauvignon",시라/쉬라즈,Syrah/Shiraz
"로스 바스코스, 크로마스 까베르네 소비뇽","Los Vascos, Cromas Cabernet Sauvignon",카베르네 소비뇽,Cabernet Sauvignon
"로스 바스코스, 크로마스 까베르네 소비뇽","Los Vascos, Cromas Cabernet Sauvignon",카르메네르,Carmenere
"로스 바스코스, 크로마스 까르미네르","Los Vascos, Cromas Carmenere",카르메네르,Carmenere
"로스 바스코스, 르 디스","Los Vascos, Le Dix",시라/쉬라즈,Syrah/Shiraz
"로스 바스코스, 르 디스","Los Vascos, Le Dix",카베르네 소비뇽,Cabernet Sauvignon
"로스 바스코스, 로제","Los Vascos, Rose",시라/쉬라즈,Syrah/Shiraz
"로스 바스코스, 로제","Los Vascos, Rose",무르베드르,Mourvedre
"로스 바스코스, 로제","Los Vascos, Rose",카베르네 소비뇽,Cabernet Sauvignon
"로스 바스코스, 소비뇽 블랑","Los Vascos, Sauvignon Blanc",소비뇽 블랑,Sauvignon Blanc
"루이 마티니, 로트 넘버 원 까베르네 소비뇽","Louis M. Martini, Napa Valley Lot No.1 Cabernet Sauvignon",카베르네 소비뇽,Cabernet Sauvignon
"루이 마티니, 로트 넘버 원 까베르네 소비뇽","Louis M. Martini, Napa Valley Lot No.1 Cabernet Sauvignon",쁘띠 시라,Petite Sirah
"루이 로드레, 크리스탈","Louis Roederer, Cristal",샤르도네,Chardonnay
"루이 로드레, 크리스탈","Louis Roederer, Cristal",피노 누아,Pinot Noir
"엠 샤푸티에, 데샹트 생 조셉 '아티스트 레이블'","M. Chapoutier, Deschants Saint Joseph",시라/쉬라즈,Syrah/Shiraz
"엠 샤푸티에, 지공다스","M. Chapoutier, Gigondas",시라/쉬라즈,Syrah/Shiraz
"엠 샤푸티에, 지공다스","M. Chapoutier, Gigondas",무르베드르,Mourvedre
"엠 샤푸티에, 지공다스","M. Chapoutier, Gigondas",그르나슈,Grenache
"메종 까밀 지로, 부르고뉴 샤도네이","Maison Camille Giroud, Bourgogne Chardonnay",샤르도네,Chardonnay
"메종 까밀 지로, 샤샤뉴 몽라쉐 프리미에 크뤼 레 베르제","Maison Camille Giroud, Chassagne Montrachet 1er Cru Les Vergers",샤르도네,Chardonnay
"말도나도, 로스 올리보스 샤도네이","Maldonado, Los Olivos VIneyard Chardonnay",샤르도네,Chardonnay
"말도나도, 파 빈야드 샤도네이","Maldonado, Parr Vineyard, Chardonnay",샤르도네,Chardonnay
"마퀴스, 그랑 리제르바 까베르네 소비뇽","Maquis, Gran Reserva Cabernet Sauvignon",카베르네 프랑,Cabernet Franc
"마퀴스, 그랑 리제르바 까베르네 소비뇽","Maquis, Gran Reserva Cabernet Sauvignon",카베르네 소비뇽,Cabernet Sauvignon
"마퀴스, 그랑 리제르바 까베르네 소비뇽","Maquis, Gran Reserva Cabernet Sauvignon",카르메네르,Carmenere
"마퀴스, 그랑 리제르바 까베르네 소비뇽","Maquis, Gran Reserva Cabernet Sauvignon",쁘띠 베르도,Petit Verdot
"마퀴스, 그랑 리제르바 로제","Maquis, Gran Reserva Rose",말벡,Malbec
"마퀴스, 그랑 리제르바 로제","Maquis, Gran Reserva Rose",카베르네 프랑,Cabernet Franc
"마퀴스, 리엔","Maquis, Lien",카베르네 프랑,Cabernet Franc
"마퀴스, 리엔","Maquis, Lien",카베르네 소비뇽,Cabernet Sauvignon
"마퀴스, 리엔","Maquis, Lien",카르메네르,Carmenere
"마르 데 프라데스, 알바리뇨 아틀란티코","Mar de Frades, Albarino Atlantico",알바리뇨,Albarino(Alvarinho)
마르셀 다이스 알텐베르그 드 베르그하임 그랑 크뤼,Marcel Deiss Altenberg de Bergheim Grand Cru,게뷔르츠트라미너,Gewurztraminer
마르셀 다이스 알텐베르그 드 베르그하임 그랑 크뤼,Marcel Deiss Altenberg de Bergheim Grand Cru,리슬링,Riesling
마르셀 다이스 알텐베르그 드 베르그하임 그랑 크뤼,Marcel Deiss Altenberg de Bergheim Grand Cru,피노 그리,Pinot Gris
마르셀 다이스 알텐베르그 드 베르그하임 그랑 크뤼,Marcel Deiss Altenberg de Bergheim Grand Cru,뮈스까,Muscat
"마리마, 라 마시아 샤도네이","Marimar, La Masia Chardonnay",샤르도네,Chardonnay
마르따스 파인 루비 포트,Martha's Fine Ruby Port,투리가 프란카,Touriga Franca
마르따스 파인 루비 포트,Martha's Fine Ruby Port,투리가 나시오날,Touriga Nacional
마르따스 파인 루비 포트,Martha's Fine Ruby Port,틴타 바로카,Tinta Barroca
마르따스 파인 루비 포트,Martha's Fine Ruby Port,틴타 아마렐라,Tinta Amarela
마르따스 파인 루비 포트,Martha's Fine Ruby Port,틴타 로리즈,Tinta Roriz
마르따스 파인 루비 포트,Martha's Fine Ruby Port,틴토 까오,Tinto Cao
마르따스 파인 토니 포트,Martha's Fine Tawny Port,틴타 아마렐라,Tinta Amarela
마르따스 파인 토니 포트,Martha's Fine Tawny Port,틴토 까오,Tinto Cao
마르따스 파인 토니 포트,Martha's Fine Tawny Port,틴타 프란카,Tinta Franca
마르따스 파인 토니 포트,Martha's Fine Tawny Port,틴타 로리즈,Tinta Roriz
마르따스 파인 토니 포트,Martha's Fine Tawny Port,투리가 나시오날,Touriga Nacional
마르따스 파인 토니 포트,Martha's Fine Tawny Port,틴타 바로카,Tinta Barroca
"마시, 브롤로 캄포피오린 오로","Masi, Brolo Campofiorin Oro",오세레타,Oseleta
"마시, 브롤로 캄포피오린 오로","Masi, Brolo Campofiorin Oro",론디넬라,Rondinella
"마시, 브롤로 캄포피오린 오로","Masi, Brolo Campofiorin Oro",코르비나,Corvina
"마스트로베라르디노, 라디치 타우라시","Mastroberardino, Radici Taurasi",알리아니코,Aglianico
"메이오미, 피노 누아","Meiomi, Pinot Noir",피노 누아,Pinot Noir
"멜카, 메케라 나이츠 밸리 레드","Melka, Mekerra Knights Valley Red",카베르네 프랑,Cabernet Franc
"멜카, 메케라 나이츠 밸리 레드","Melka, Mekerra Knights Valley Red",메를로,Merlot
"멜카, 메티스 점핑고트 빈야드 나파 밸리","Melka, Metisse Jumping Goat Vineyard Napa Valley",카베르네 소비뇽,Cabernet Sauvignon
"멜카, 메티스 점핑고트 빈야드 나파 밸리","Melka, Metisse Jumping Goat Vineyard Napa Valley",쁘띠 베르도,Petit Verdot
"멜카, 메티스 마티네즈 빈야드 나파 밸리","Melka, Metisse Marinez Vineyard Napa Valley",카베르네 프랑,Cabernet Franc
"멜카, 메티스 마티네즈 빈야드 나파 밸리","Melka, Metisse Marinez Vineyard Napa Valley",카베르네 소비뇽,Cabernet Sauvignon
"멜카, 메티스 마티네즈 빈야드 나파 밸리","Melka, Metisse Marinez Vineyard Napa Valley",쁘띠 베르도,Petit Verdot
"메리 에드워즈, 피노 누아 러시안 리버 밸리","Merry Edwards, Pinot Noir Russian River Valley",피노 누아,Pinot Noir
"메리 에드워즈, 소비뇽 블랑 러시안 리버 밸리","Merry Edwards, Sauvignon Blanc Russian River Valley",소비뇽 블랑,Sauvignon Blanc
"메리 에드워즈, 소비뇽 블랑 러시안 리버 밸리","Merry Edwards, Sauvignon Blanc Russian River Valley",소비뇽 블랑 뮈스케,Sauvignon Blanc Musque
"미 떼루노, 아이코노","Mi Terruno, Icono",쁘띠 베르도,Petit Verdot
"미 떼루노, 아이코노","Mi Terruno, Icono",말벡,Malbec
"미 떼루노, 아이코노","Mi Terruno, Icono",카베르네 소비뇽,Cabernet Sauvignon
"미 떼루노, 마야카바 말벡","Mi Terruno, Mayacaba Malbec",말벡,Malbec
"미쉘 린치, 보르도 화이트 오가닉","Michel Lynch, Bordeaux White Organic",소비뇽 블랑,Sauvignon Blanc
"미켈레 끼아를로, 치프레시 니짜","Michele Chiarlo, Cipressi Nizza",바르베라,Barbera
"마일즈 프롬 노웨어, 쉬라즈","Miles from Nowhere, Shiraz",시라/쉬라즈,Syrah/Shiraz
"밀러 패밀리, 옵틱 비엔 나시도 빈야드 샤르도네 블록 넘버 11D3","Miller family, Optik Bien Nacido Vineyard Chardonnay Block No. 11D3",샤르도네,Chardonnay
"밀러 패밀리, 옵틱 비엔 나시도 빈야드 샤르도네 블록 넘버 I1","Miller family, Optik Bien Nacido Vineyard Chardonnay Block No. I1",샤르도네,Chardonnay
"밀러 패밀리, 옵틱 비엔 나시도 빈야드 피노누아 블록 넘버 42A","Miller family, Optik Bien Nacido Vineyard Pinot Noir Block No. 42A",피노 누아,Pinot Noir
"마이너, 나파밸리 샤도네이","Miner, Napa Valley Chardonnay",샤르도네,Chardonnay
"몬테 델 프라, 까델마그로 쿠스토자 수페리오레","Monte del Fra, Ca del Magro Custoza Superiore",인크로시오 만조니,Incrocio Manzoni
"몬테 델 프라, 까델마그로 쿠스토자 수페리오레","Monte del Fra, Ca del Magro Custoza Superiore",트레비아노,Trebbiano
"몬테 델 프라, 까델마그로 쿠스토자 수페리오레","Monte del Fra, Ca del Magro Custoza Superiore",코르테제,Cortese
"몬테 델 프라, 까델마그로 쿠스토자 수페리오레","Monte del Fra, Ca del Magro Custoza Superiore",가르가네가,Garganega
"몬테스 알파, 카베르네 소비뇽","Montes Alpha, Cabernet Sauvignon",카베르네 소비뇽,Cabernet Sauvignon
"몬테스 알파, 카베르네 소비뇽","Montes Alpha, Cabernet Sauvignon",메를로,Merlot
"몬테스 알파, 피노 누아","Montes Alpha, Pinot Noir",피노 누아,Pinot Noir
"몬테베르티네, 몬테베르티네","Montevertine, Montevertine",산지오베제,Sangiovese
"몬테베르티네, 몬테베르티네","Montevertine, Montevertine",콜로리노,Colorino
"몬테베르티네, 몬테베르티네","Montevertine, Montevertine",카나이올로,Canaiolo
"몬테베르티네, 페르골레 토르테","Montevertine, Pergole Torte",산지오베제,Sangiovese
"몽그라스, 안투 카베르네 소비뇽 호랑이띠 라벨 한정판","Montgras, Antu Cabernet Sauvignon Limited Edition the Year of Tiger",카베르네 소비뇽,Cabernet Sauvignon
"몽그라스, 안투 시라 호랑이띠 라벨 한정판","Montgras, Antu Syrah Limited Edition the Year of Tiger",시라/쉬라즈,Syrah/Shiraz
"모란데, 그랑 리제르바 샤르도네","Morande, Gran Reserva Chardonnay",샤르도네,Chardonnay
"무똥 까데, 리저브 뽀이약","Mouton Cadet, Reserve Pauillac",쁘띠 베르도,Petit Verdot
"무똥 까데, 리저브 뽀이약","Mouton Cadet, Reserve Pauillac",메를로,Merlot
"무똥 까데, 리저브 뽀이약","Mouton Cadet, Reserve Pauillac",카베르네 소비뇽,Cabernet Sauvignon
"무똥 까데, 리저브 뽀이약","Mouton Cadet, Reserve Pauillac",카베르네 프랑,Cabernet Franc
"노이도르프, 홈 블럭 모우테레 샤르도네","Neudorf, Home Block Moutere Chardonnay",샤르도네,Chardonnay
"노이도르프, 홈 블럭 모우테레 피노 누아","Neudorf, Home Block Moutere Pinot Noir",피노 누아,Pinot Noir
"노이도르프, 로지스 블럭 모우테레 샤르도네","Neudorf, Rosie's Block Moutere Chardonnay",샤르도네,Chardonnay
"노이도르프, 티리티리 샤르도네","Neudorf, Tiritiri Chardonnay",샤르도네,Chardonnay
"노이도르프, 톰스 블록 모우테레 피노 누아","Neudorf, Tom's Block Moutere Pinot Noir",피노 누아,Pinot Noir
"니콜라 로시뇰, 사비니 레 본","Nicolas Rossignol, Savigny les Beaune",피노 누아,Pinot Noir
"니꼴라 로씨뇰, 볼네이","Nicolas Rossignol, Volnay",피노 누아,Pinot Noir
"나인 햇츠, 콜롬비아 밸리 메를로",Nine Hats Columbia Valley Merlot,카베르네 프랑,Cabernet Franc
"나인 햇츠, 콜롬비아 밸리 메를로",Nine Hats Columbia Valley Merlot,쁘띠 베르도,Petit Verdot
"나인 햇츠, 콜롬비아 밸리 메를로",Nine Hats Columbia Valley Merlot,메를로,Merlot
나인 햇츠 콜롬비아 밸리 시라,Nine Hats Columbia Valley Syrah,그르나슈,Grenache
나인 햇츠 콜롬비아 밸리 시라,Nine Hats Columbia Valley Syrah,시라/쉬라즈,Syrah/Shiraz
"노스스타, 콜럼비아 밸리 카베르네 소비뇽","Northstar, Columbia Valley Cabernet Sauvignon",카베르네 소비뇽,Cabernet Sauvignon
"아웃포스트, 나파 밸리 까베르네 소비뇽","Outpost, Napa Valley Cabernet Sauvignon",카베르네 프랑,Cabernet Franc
"아웃포스트, 나파 밸리 까베르네 소비뇽","Outpost, Napa Valley Cabernet Sauvignon",카베르네 소비뇽,Cabernet Sauvignon
"패러다임, 카베르네 소비뇽 나파 밸리","Paradigm, Cabernet Sauvignon Napa Valley",카베르네 프랑,Cabernet Franc
"패러다임, 카베르네 소비뇽 나파 밸리","Paradigm, Cabernet Sauvignon Napa Valley",카베르네 소비뇽,Cabernet Sauvignon
"패러다임, 카베르네 소비뇽 나파 밸리","Paradigm, Cabernet Sauvignon Napa Valley",메를로,Merlot
"패러다임, 카베르네 소비뇽 나파 밸리","Paradigm, Cabernet Sauvignon Napa Valley",쁘띠 베르도,Petit Verdot
"펠프스 크릭, 콜럼비아 고지 피노 누아","Phelps Creek, Columbia Gorge Pinot Noir",피노 누아,Pinot Noir
"파이크, 트레디셔날 리슬링","Pikes, Traditionale Riesling",리슬링,Riesling
"피오 체사레, 바롤로","Pio Cesare, Barolo",네비올로,Nebbiolo
"피오 체사레, 바롤로 '모스코니'","Pio Cesare, Barolo 'Mosconi'",네비올로,Nebbiolo
"플라네타, 플럼바고","Planeta, Plumbago",네로 다볼라,Nero d'Avola
"포지오 알 테소로, 카시오페아 로사토 파구스 체르바이아","Poggio al Tesoro, Cassiopea Rosato Pagus Cerbaia",카베르네 소비뇽,Cabernet Sauvignon
"포지오 알 테소로, 카시오페아 로사토 파구스 체르바이아","Poggio al Tesoro, Cassiopea Rosato Pagus Cerbaia",시라/쉬라즈,Syrah/Shiraz
"포지오 알 테소로, 솔로솔레 파구스 카밀라","Poggio al Tesoro, Solosole Pagus Camilla",베르멘티노,Vermentino
"폴 로저, 브뤼 리저브","Pol Roger, Brut Reserve",피노 누아,Pinot Noir
"폴 로저, 브뤼 리저브","Pol Roger, Brut Reserve",샤르도네,Chardonnay
"폴 로저, 브뤼 리저브","Pol Roger, Brut Reserve",피노 뮈니에,Pinot Meunier
프리스트 랜치 까베르네 쇼비뇽,Priest Ranch Cabernet Sauvignon,카베르네 소비뇽,Cabernet Sauvignon
"퀼세다 크릭, 콜럼비아 밸리 카베르네 쇼비뇽","Quilceda Creek, Columbia Valley Cabernet Sauvignon",카베르네 소비뇽,Cabernet Sauvignon
"레드헤즈 스튜디오, 문라이터스","Redheads Studio, Moonlighters",산지오베제,Sangiovese
"레드헤즈 스튜디오, 문라이터스","Redheads Studio, Moonlighters",메를로,Merlot
"레드헤즈 스튜디오, 문라이터스","Redheads Studio, Moonlighters",카베르네 소비뇽,Cabernet Sauvignon
"레드헤즈 스튜디오, 야드독 화이트","Redheads Studio, Yard Dog White",소비뇽 블랑,Sauvignon Blanc
"레드헤즈 스튜디오, 야드독 화이트","Redheads Studio, Yard Dog White",샤르도네,Chardonnay
"레드헤즈 스튜디오, 야드독 화이트","Redheads Studio, Yard Dog White",세미용,Semillon
"리파 디 소토, 진판델","Ripa di Sotto, Zinfandel",진판델,Zinfandel
"로버트 몬다비, 까베르네 소비뇽 리저브","Robert Mondavi, Cabernet Sauvignon Reserve",카베르네 소비뇽,Cabernet Sauvignon
"로버트 몬다비, 까베르네 소비뇽 리저브","Robert Mondavi, Cabernet Sauvignon Reserve",카베르네 프랑,Cabernet Franc
"로버트 몬다비, 까베르네 소비뇽 리저브","Robert Mondavi, Cabernet Sauvignon Reserve",쁘띠 베르도,Petit Verdot
"로버트 몬다비, 샤도네이","Robert Mondavi, Chardonnay",샤르도네,Chardonnay
"로버트 몬다비, 샤도네이 리저브","Robert Mondavi, Chardonnay Reserve",샤르도네,Chardonnay
"로버트 몬다비, 푸메 블랑","Robert Mondavi, Fume Blanc",소비뇽 블랑,Sauvignon Blanc
"로버트 몬다비, 푸메 블랑","Robert Mondavi, Fume Blanc",세미용,Semillon
"로버트 몬다비, 마에스트로","Robert Mondavi, Maestro",카베르네 프랑,Cabernet Franc
"로버트 몬다비, 마에스트로","Robert Mondavi, Maestro",카베르네 소비뇽,Cabernet Sauvignon
"로버트 몬다비, 마에스트로","Robert Mondavi, Maestro",메를로,Merlot
"로버트 몬다비, 오크빌 까베르네 소비뇽","Robert Mondavi, Oakville Cabernet Sauvignon",카베르네 소비뇽,Cabernet Sauvignon
"로버트 몬다비, 피노 누아","Robert Mondavi, Pinot Noir",피노 누아,Pinot Noir
"로드니 스트롱, 알렉산더 크라운 까베르네 소비뇽","Rodney Strong, Alexander's Crown Cabernet Sauvignon",카베르네 소비뇽,Cabernet Sauvignon
"로드니 스트롱, 리제르바 카베르네 소비뇽","Rodney Strong, Reserve Cabernet Sauvignon",카베르네 소비뇽,Cabernet Sauvignon
"로드니스트롱, 시메트리 메리티지","Rodney Strong, Symmetry Meritage",쁘띠 시라,Petite Sirah
"로드니스트롱, 시메트리 메리티지","Rodney Strong, Symmetry Meritage",메를로,Merlot
"로드니스트롱, 시메트리 메리티지","Rodney Strong, Symmetry Meritage",말벡,Malbec
"로드니스트롱, 시메트리 메리티지","Rodney Strong, Symmetry Meritage",카베르네 소비뇽,Cabernet Sauvignon
"로드니스트롱, 시메트리 메리티지","Rodney Strong, Symmetry Meritage",카베르네 프랑,Cabernet Franc
"로드레 에스테이트, 콰르테 브륏","Roederer Estate, Quartet Brut",샤르도네,Chardonnay
"로드레 에스테이트, 콰르테 브륏","Roederer Estate, Quartet Brut",피노 누아,Pinot Noir
"로저 구라트, 엑스트라 브륏 그랑 리제르바 조셉 발스","Roger Goulart, Extra Brut Gran Reserva Josep Valls",샤르도네,Chardonnay
"로저 구라트, 엑스트라 브륏 그랑 리제르바 조셉 발스","Roger Goulart, Extra Brut Gran Reserva Josep Valls",마카베오,Macabeo
"로저 구라트, 엑스트라 브륏 그랑 리제르바 조셉 발스","Roger Goulart, Extra Brut Gran Reserva Josep Valls",빠레야다,Parellada
"로저 구라트, 엑스트라 브륏 그랑 리제르바 조셉 발스","Roger Goulart, Extra Brut Gran Reserva Josep Valls",자렐로,Xarel.lo
"론코 디 싸시, 비노 로쏘 디 이탈리아","Ronco di Sassi, Vino Rosso D'Italia",몬테풀치아노,Montepulciano
"론코 디 싸시, 비노 로쏘 디 이탈리아","Ronco di Sassi, Vino Rosso D'Italia",알리아니코,Aglianico
"론코 디 싸시, 비노 로쏘 디 이탈리아","Ronco di Sassi, Vino Rosso D'Italia",프리미티보,Primitivo
"로젠베일, 에스테이트 그로운 그르나슈","Rosenvale, Estate Grown Grenache",그르나슈,Grenache
"살트램, 1859 바로사 쉬라즈","Saltram, 1859 Barossa Shiraz",시라/쉬라즈,Syrah/Shiraz
"살트램, 맴레 브룩 쉬라즈","Saltram, Mamre Brook Shiraz",시라/쉬라즈,Syrah/Shiraz
"살베스트린, 디알 크레인 빈야드 카베르네 소비뇽","Salvestrin, Dr Crane Vineyard Cabernet Sauvignon",메를로,Merlot
"살베스트린, 디알 크레인 빈야드 카베르네 소비뇽","Salvestrin, Dr Crane Vineyard Cabernet Sauvignon",카베르네 소비뇽,Cabernet Sauvignon
"살베스트린, 디알 크레인 빈야드 카베르네 소비뇽","Salvestrin, Dr Crane Vineyard Cabernet Sauvignon",카베르네 프랑,Cabernet Franc
사씨카이아,Sassicaia,카베르네 프랑,Cabernet Franc
사씨카이아,Sassicaia,카베르네 소비뇽,Cabernet Sauvignon
"씨 스모크, 사우싱 피노 누아","Sea Smoke, Southing Pinot Noir",피노 누아,Pinot Noir
"씨 스모크, 텐 피노누아","Sea Smoke, Ten Pinot Noir",피노 누아,Pinot Noir
"세귀노 보르데, 샤블리 프리미에 크뤼 바이용","Seguinot Bordet, Chablis Premier Cru 'Vaillons'",샤르도네,Chardonnay
"센시즈, 티에리엇 샤도네이","Senses, B.A. Thieriot Chardonnay",샤르도네,Chardonnay
"센시즈, 러시안 리버 밸리 샤도네이","Senses, Russian River Valley Chardonnay",샤르도네,Chardonnay
"센시즈, 소노마 코스트 샤도네이","Senses, Sonoma Coast Chardonnay",샤르도네,Chardonnay
"센시즈, 엘 디아블로 샤도네이","Senses, UV EL Diablo Chardonnay",샤르도네,Chardonnay
"세븐 힐스, 왈라 왈라 밸리 레드 와인","Seven Hills, Walla Walla Valley Red Wine",메를로,Merlot
"세븐 힐스, 왈라 왈라 밸리 레드 와인","Seven Hills, Walla Walla Valley Red Wine",카베르네 프랑,Cabernet Franc
"쇼테스브룩, 1337 헤리티지 시리즈 블랑 드 블랑","Shottesbrooke, 1337 Heritage series Blanc de Blancs",샤르도네,Chardonnay
"살베스트린, 카베르네 소비뇽","Silvestrin, Cabernet Sauvignon",카베르네 소비뇽,Cabernet Sauvignon
"살베스트린, 카베르네 소비뇽","Silvestrin, Cabernet Sauvignon",말벡,Malbec
"살베스트린, 카베르네 소비뇽","Silvestrin, Cabernet Sauvignon",메를로,Merlot
"살베스트린, 카베르네 소비뇽","Silvestrin, Cabernet Sauvignon",쁘띠 베르도,Petit Verdot
"스프링 마운틴 빈야드, 카베르네 소비뇽 나파 밸리","Spring Mountain Vineyard, Cabernet Sauvignon Napa Valley",카베르네 소비뇽,Cabernet Sauvignon
생 수페리 엘루,St-Supery ELU,쁘띠 베르도,Petit Verdot
생 수페리 엘루,St-Supery ELU,메를로,Merlot
생 수페리 엘루,St-Supery ELU,말벡,Malbec
생 수페리 엘루,St-Supery ELU,카베르네 소비뇽,Cabernet Sauvignon
생 수페리 엘루,St-Supery ELU,카베르네 프랑,Cabernet Franc
스톤스트릿 에스테이트 빈야드 락폴 빈야드 카베르네 소비뇽,Stonestreet Estate Vineyards Rockfall Vineyard Cabernet Sauvignon,카베르네 소비뇽,Cabernet Sauvignon
"설리반, 쾨르 드 비뉴 루더포드 카베르네 소비뇽","Sullivan, Coeur de Vigne Rutherford Cabernet Sauvignon",메를로,Merlot
"설리반, 쾨르 드 비뉴 루더포드 카베르네 소비뇽","Sullivan, Coeur de Vigne Rutherford Cabernet Sauvignon",말벡,Malbec
"설리반, 쾨르 드 비뉴 루더포드 카베르네 소비뇽","Sullivan, Coeur de Vigne Rutherford Cabernet Sauvignon",카베르네 소비뇽,Cabernet Sauvignon
"수사나 발보 와인스, 크리오스 말벡","Susana Balbo Wines, Crios Malbec",말벡,Malbec
"떼땅져, 꽁뜨 드 상파뉴 블랑 드 블랑 브뤼","Taittinger, Comtes de Champagne Blanc de Blancs Brut",샤르도네,Chardonnay
"떼땅져, 레 폴리 드 라 마케트리","Taittinger, Les Folies de la Marquetterie",피노 누아,Pinot Noir
"떼땅져, 레 폴리 드 라 마케트리","Taittinger, Les Folies de la Marquetterie",샤르도네,Chardonnay
"떼땅져, 녹턴 시티 라이트","Taittinger, Nocturne City Light",샤르도네,Chardonnay
"떼땅져, 녹턴 시티 라이트","Taittinger, Nocturne City Light",피노 뮈니에,Pinot Meunier
"떼땅져, 녹턴 시티 라이트","Taittinger, Nocturne City Light",피노 누아,Pinot Noir
"떼땅져, 프렐뤼드 그랑 크뤼","Taittinger, Prelude Grands Crus",샤르도네,Chardonnay
"떼땅져, 프렐뤼드 그랑 크뤼","Taittinger, Prelude Grands Crus",피노 누아,Pinot Noir
"떼땅져, 리저브 브뤼","Taittinger, Reserve Brut",샤르도네,Chardonnay
"떼땅져, 리저브 브뤼","Taittinger, Reserve Brut",피노 뮈니에,Pinot Meunier
"떼땅져, 리저브 브뤼","Taittinger, Reserve Brut",피노 누아,Pinot Noir
"테 마타, 에스테이트 소비뇽 블랑",Te Mata. Estate Sauvignon Blanc,소비뇽 블랑,Sauvignon Blanc
"테네트, GSM","Tenet, GSM",그르나슈,Grenache
"테네트, GSM","Tenet, GSM",시라/쉬라즈,Syrah/Shiraz
"테네트, GSM","Tenet, GSM",무르베드르,Mourvedre
"테누타 산 귀도, 레 디페제","Tenuta San Guido, Le Difese",카베르네 소비뇽,Cabernet Sauvignon
"테누타 산 귀도, 레 디페제","Tenuta San Guido, Le Difese",산지오베제,Sangiovese
"테누타 산 안토니오, 스카이아 코르비나","Tenuta Sant' Antonio, Scaia Corvina",코르비나,Corvina
"더 힐트, 벤트록 피노누아","The hilt, Bemtrock Pinot Noir",피노 누아,Pinot Noir
"더 힐트, 벤트록 샤도네이","The hilt, Bentrock Chardonnay",샤르도네,Chardonnay
"더 힐트, 이스테이트 샤도네이","The Hilt, Estate Chardonnay",샤르도네,Chardonnay
"더 힐트, 이스테이트 피노 누아","The Hilt, Estate Pinot Noir",피노 누아,Pinot Noir
"더 힐트, 라디안 샤도네이","The Hilt, Radian Chardonnay",샤르도네,Chardonnay
"더 힐트, 라디안 피노 누아","The Hilt, Radian Pinot Noir",피노 누아,Pinot Noir
"띠에라 로하, 까베르네 쇼비뇽 오크빌","Tierra Roja, Cabernet Sauvignon Oakville",카베르네 소비뇽,Cabernet Sauvignon
"티나치, 아마로네 델라 발포리첼라","Tinazzi, Amarone della Valpolicella",코르비노네,Corvinone
"티나치, 아마로네 델라 발포리첼라","Tinazzi, Amarone della Valpolicella",론디넬라,Rondinella
"티나치, 아마로네 델라 발포리첼라","Tinazzi, Amarone della Valpolicella",코르비나,Corvina
"타이투스 빈야드, 카베르네 소비뇽","Titus Vineyards, Cabernet Sauvignon",쁘띠 베르도,Petit Verdot
"타이투스 빈야드, 카베르네 소비뇽","Titus Vineyards, Cabernet Sauvignon",메를로,Merlot
"타이투스 빈야드, 카베르네 소비뇽","Titus Vineyards, Cabernet Sauvignon",말벡,Malbec
"타이투스 빈야드, 카베르네 소비뇽","Titus Vineyards, Cabernet Sauvignon",카베르네 소비뇽,Cabernet Sauvignon
"토마스 쿠지네, 예브레","Tomas Cusine, Llebre",템프라니요,Tempranillo
"토마시, 아마로네 델라 발폴리첼라 클라시코","Tommasi, Amarone della Valpolicella Classico",코르비노네,Corvinone
"토마시, 아마로네 델라 발폴리첼라 클라시코","Tommasi, Amarone della Valpolicella Classico",오세레타,Oseleta
"토마시, 아마로네 델라 발폴리첼라 클라시코","Tommasi, Amarone della Valpolicella Classico",코르비나 베로네제,Corvina Veronese
"토마시, 아마로네 델라 발폴리첼라 클라시코","Tommasi, Amarone della Valpolicella Classico",론디넬라,Rondinella
"트라피체, 이스까이 말벡 까베르네 프랑","Trapiche, Iscay Malbec Cabernet Franc",말벡,Malbec
"트라피체, 이스까이 말벡 까베르네 프랑","Trapiche, Iscay Malbec Cabernet Franc",카베르네 프랑,Cabernet Franc
트리가,Triga,카베르네 소비뇽,Cabernet Sauvignon
트리가,Triga,모나스트렐,Monastrell
"바글리오, 차크라 말벡","Vaglio, Chacra Malbec",말벡,Malbec
"바글리오, 미페럴 말벡","Vaglio, MiPeral Malbec",말벡,Malbec
"발레이븐, 카베르네 소비뇽","Valravn, Cabernet Sauvignon Sonoma County",카베르네 소비뇽,Cabernet Sauvignon
"발레이븐, 피노 누아","Valravn, Pinot Noir",피노 누아,Pinot Noir
"빌라 알 코르틸레, 부르넬로 디 몬탈치노","Villa Al Cortile, Brunello di Montalcino",산지오베제,Sangiovese
"빌라 알 코르틸레, 부르넬로 디 몬탈치노 리제르바","Villa Al Cortile, Brunello di Montalcino Riserva",산지오베제,Sangiovese
"비냐 시겔, 지겔 싱글빈야드","Vina Siegel, SIegel Single Vineyard",카베르네 소비뇽,Cabernet Sauvignon
"비노 델 솔, 타사하라 피노 누아","Vino del Sol, Tassajara Pinot Noir",샤르도네,Chardonnay
"비노 델 솔, 타사하라 피노 누아","Vino del Sol, Tassajara Pinot Noir",피노 누아,Pinot Noir
"비노 델 솔, 타사하라 피노 누아","Vino del Sol, Tassajara Pinot Noir",따나,Tannat
"비노 델 솔, 타사하라 피노 누아","Vino del Sol, Tassajara Pinot Noir",템프라니요,Tempranillo
"비노 델 솔, 타사하라 피노 누아","Vino del Sol, Tassajara Pinot Noir",쁘띠 시라,Petite Sirah
"폴렌바이더, 볼퍼 골드그루베 리슬링 슈페트레제","Vollenweider, Wolfer Goldgrube Riesling Spatlese",리슬링,Riesling
"볼레로, 뀌베 마가렛","Vollereaux, Cuvee Marguerite",샤르도네,Chardonnay
"볼레로, 뀌베 마가렛","Vollereaux, Cuvee Marguerite",피노 누아,Pinot Noir
"볼레로, 리저브 브뤼","Vollereaux, Reserve Brut",샤르도네,Chardonnay
"볼레로, 리저브 브뤼","Vollereaux, Reserve Brut",피노 뮈니에,Pinot Meunier
"볼레로, 리저브 브뤼","Vollereaux, Reserve Brut",피노 누아,Pinot Noir
"볼레로, 로제 브뤼","Vollereaux, Rose Brut",피노 누아,Pinot Noir
발트라우드,Waltraud,리슬링,Riesling
"얄룸바, 에덴 밸리 비오니에","Yalumba, Eden Valley Viognier",비오니에,Viognier
"얄룸바, 멘지스 카버네 소비뇽","Yalumba, Menzies Cabernet Sauvignon",카베르네 소비뇽,Cabernet Sauvignon
"얄룸바, 옥타비우스 올드 바인 쉬라즈","Yalumba, Octavius Old Vine Shiraz",시라/쉬라즈,Syrah/Shiraz
"얄룸바, 시그너쳐 카버네 쉬라즈","Yalumba, Signature Cabernet Shiraz",카베르네 소비뇽,Cabernet Sauvignon
"얄룸바, 시그너쳐 카버네 쉬라즈","Yalumba, Signature Cabernet Shiraz",시라/쉬라즈,Syrah/Shiraz
"제트 알렉산더 브라운, 언케이지드 까베르네 쇼비뇽","Z. Alexander Brown, Uncaged Cabernet Sauvignon",카베르네 소비뇽,Cabernet Sauvignon
"제트 알렉산더 브라운, 언케이지드 레드 블랜드","Z. Alexander Brown, Uncaged Proprietary Red Blend",쁘띠 시라,Petite Sirah
"제트 알렉산더 브라운, 언케이지드 레드 블랜드","Z. Alexander Brown, Uncaged Proprietary Red Blend",진판델,Zinfandel
"제트 알렉산더 브라운, 언케이지드 레드 블랜드","Z. Alexander Brown, Uncaged Proprietary Red Blend",시라/쉬라즈,Syrah/Shiraz
"제트 알렉산더 브라운, 언케이지드 레드 블랜드","Z. Alexander Brown, Uncaged Proprietary Red Blend",말벡,Malbec
"진트 훔브레이트, 진트","Zind Humbrecht, Zind",샤르도네,Chardonnay
"진트 훔브레이트, 진트","Zind Humbrecht, Zind",오쎄후와,Auxerrois