name_korean,name_english,aroma
"1881 나파, 카베르네 소비뇽","1881 Napa, Cabernet Sauvignon",리치
"1881 나파, 카베르네 소비뇽","1881 Napa, Cabernet Sauvignon",코코아
"1881 나파, 카베르네 소비뇽","1881 Napa, Cabernet Sauvignon",바닐라
아하리,Ahari,허브
"알프레드 그라티엔, 클래식 브뤼","Alfred Gratien, Classic Brut",감귤
"알프레드 그라티엔, 클래식 브뤼","Alfred Gratien, Classic Brut",버터
"알프레드 그라티엔, 퀴베 파라다이스 브뤼","Alfred Gratien, Cuvee Paradis Brut",아몬드
"알프레드 그라티엔, 퀴베 파라다이스 브뤼","Alfred Gratien, Cuvee Paradis Brut",버터
"알프레드 그라티엔, 퀴베 파라다이스 브뤼","Alfred Gratien, Cuvee Paradis Brut",파인애플
"알프레드 그라티엔, 퀴베 파라다이스 브뤼","Alfred Gratien, Cuvee Paradis Brut",브리오슈
"알프레드 그라티엔, 밀레짐 브뤼","Alfred Gratien, Millesime Brut",복숭아
"알프레드 그라티엔, 밀레짐 브뤼","Alfred Gratien, Millesime Brut",망고
"알프레드 그라티엔, 밀레짐 브뤼","Alfred Gratien, Millesime Brut",후추
"알레그리니, 팔라쪼 델라 토레","Allegrini, Palazzo Della Torre",건포도
"알레그리니, 팔라쪼 델라 토레","Allegrini, Palazzo Della Torre",자두
"알타 비스타, 아템포랄 블렌드","Alta Vista, Atemporal Blend",정향
"알타 비스타, 아템포랄 블렌드","Alta Vista, Atemporal Blend",블랙체리
"알타 비스타, 아템포랄 블렌드","Alta Vista, Atemporal Blend",블랙베리
"알타 비스타, 아템포랄 블렌드","Alta Vista, Atemporal Blend",후추
"알타 비스타, 아템포랄 블렌드","Alta Vista, Atemporal Blend",제비꽃
"알타 비스타, 싱글 빈야드 테미스","Alta Vista, Single Vineyard Temis",자두
"알타 비스타, 싱글 빈야드 테미스","Alta Vista, Single Vineyard Temis",오크
"알타 비스타, 싱글 빈야드 테미스","Alta Vista, Single Vineyard Temis",라스베리
알루아도 샤도네이,Aluado Chardonnay,라임
"알바로 팔라시오스, 페탈로스","Alvaro Palacios, Petalos",미네랄
"알바로 팔라시오스, 페탈로스","Alvaro Palacios, Petalos",배
"알바로 팔라시오스, 페탈로스","Alvaro Palacios, Petalos",꽃
"알바로 팔라시오스, 페탈로스","Alvaro Palacios, Petalos",블루베리
"앙드레 끌루에, 브뤼 나뛰르 실버","Andre Clouet, Brut Nature Silver",레몬
"앤드류 윌, 샴푸 빈야드","Andrew Will, Champoux Vineyard",체리
"앤드류 윌, 샴푸 빈야드","Andrew Will, Champoux Vineyard",리치
"앤드류 윌, 샴푸 빈야드","Andrew Will, Champoux Vineyard",오크
"앤드류 윌, 소렐라 레드 와인","Andrew will, Sorella Red Wine",타바코
"앤드류 윌, 소렐라 레드 와인","Andrew will, Sorella Red Wine",블랙베리
"앤드류 윌, 투 블론즈 빈야드 레드 와인","Andrew Will, Two Blondes Vineyard Red Wine",허브
"앤드류 윌, 투 블론즈 빈야드 레드 와인","Andrew Will, Two Blondes Vineyard Red Wine",타바코
앙또냉 귀용 볼네 프리미에 크뤼 끌로 데 셴느,Antonin Guyon Volnay Premier Cru Clos des Chenes,오크
"아지엔다 아그리콜라 베라, 바르바레스코","Azienda Argicola Bera, Barbaresco",꽃
"아지엔다 아그리콜라 베라, 바르바레스코","Azienda Argicola Bera, Barbaresco",바닐라
"아지엔다 아그리콜라 베라, 바르바레스코","Azienda Argicola Bera, Barbaresco",석류
"아소르스, 뷸카니코 블랑코","Azores, Vulcanico Branco",미네랄
"바넷 빈야즈, 카버네 소비뇽","Barnett Vineyards, Cabernet Sauvignon",블랙베리
"바넷 빈야즈, 카버네 소비뇽","Barnett Vineyards, Cabernet Sauvignon",민트
"바넷 빈야즈, 카버네 소비뇽","Barnett Vineyards, Cabernet Sauvignon",아니스
"바넷, 멀롯","Barnett Vineyards, Merlot",시나몬
"바넷, 멀롯","Barnett Vineyards, Merlot",미네랄
"바넷, 멀롯","Barnett Vineyards, Merlot",토스트
"바스 필립, 크라운 프린스 피노누아","Bass Phillip, Crown Prince Pinot Noir",자두
"바스 필립, 에스테이트 샤르도네","Bass Phillip, Estate Chardonnay",캐슈넛
"바스 필립, 에스테이트 샤르도네","Bass Phillip, Estate Chardonnay",오렌지
"바스 필립, 에스테이트 샤르도네","Bass Phillip, Estate Chardonnay",복숭아
"바스 필립, 에스테이트 샤르도네","Bass Phillip, Estate Chardonnay",꿀
"바스 필립, 에스테이트 피노누아","Bass Phillip, Estate Pinot Noir",자두
"바스 필립, 프리미엄 피노 누아","Bass Phillip, Premium Pinot Noir",허브
"바스 필립, 프리미엄 피노 누아","Bass Phillip, Premium Pinot Noir",체리
"바스 필립, 리저브 피노 누아","Bass Phillip, Reserve Pinot Noir",허브
"바스 필립, 리저브 피노 누아","Bass Phillip, Reserve Pinot Noir",흙
"바스 필립, 리저브 피노 누아","Bass Phillip, Reserve Pinot Noir",체리
"바스 필립, 리저브 피노 누아","Bass Phillip, Reserve Pinot Noir",바닐라
"베드락, 헤리티지 레드와인","Bedrock, Heritage Red Wine",블랙베리
"베드락, 헤리티지 레드와인","Bedrock, Heritage Red Wine",오렌지
"베드락, 헤리티지 레드와인","Bedrock, Heritage Red Wine",감초
"베드락, 올드 바인 진판델","Bedrock, Old Vine Zinfandel",블랙베리
"벤 마르코, 익스프레시보","Ben Marco, Expresivo",블랙베리
"벤 마르코, 익스프레시보","Ben Marco, Expresivo",블랙체리
"벤 마르코, 익스프레시보","Ben Marco, Expresivo",시나몬
"벤 마르코, 익스프레시보","Ben Marco, Expresivo",잼
"벤 마르코, 익스프레시보","Ben Marco, Expresivo",블루베리
"벤 마르코, 익스프레시보","Ben Marco, Expresivo",후추
"벤 마르코, 익스프레시보","Ben Marco, Expresivo",삼나무
"벤 마르코, 익스프레시보","Ben Marco, Expresivo",자두
"벤 마르코, 익스프레시보","Ben Marco, Expresivo",미네랄
"벤 마르코, 익스프레시보","Ben Marco, Expresivo",바닐라
"벤 마르코, 익스프레시보","Ben Marco, Expresivo",제비꽃
"벤 마르코, 신 리미테스 괄탈라리 말벡","Ben Marco, Sin Limites Gualtallary Marbec",블랙베리
"벤 마르코, 신 리미테스 괄탈라리 말벡","Ben Marco, Sin Limites Gualtallary Marbec",자두
"벤 마르코, 신 리미테스 괄탈라리 말벡","Ben Marco, Sin Limites Gualtallary Marbec",블랙체리
"벤 마르코, 신 리미테스 괄탈라리 말벡","Ben Marco, Sin Limites Gualtallary Marbec",시나몬
"벤 마르코, 신 리미테스 괄탈라리 말벡","Ben Marco, Sin Limites Gualtallary Marbec",바닐라
"벤 마르코, 신 리미테스 괄탈라리 말벡","Ben Marco, Sin Limites Gualtallary Marbec",블루베리
"벤 마르코, 신 리미테스 괄탈라리 말벡","Ben Marco, Sin Limites Gualtallary Marbec",후추
"벤 마르코, 신 리미테스 괄탈라리 말벡","Ben Marco, Sin Limites Gualtallary Marbec",미네랄
"벤 마르코, 신 리미테스 괄탈라리 말벡","Ben Marco, Sin Limites Gualtallary Marbec",오크
"벤 마르코, 신 리미테스 괄탈라리 말벡","Ben Marco, Sin Limites Gualtallary Marbec",잼
"벤 마르코, 신 리미테스 괄탈라리 말벡","Ben Marco, Sin Limites Gualtallary Marbec",타바코
"비비 그라츠, 볼라마타","Bibi Graetz, Bollamatta",아몬드
"비비 그라츠, 볼라마타","Bibi Graetz, Bollamatta",오렌지
"비비 그라츠, 볼라마타","Bibi Graetz, Bollamatta",생강
"비비 그라츠, 볼라마타","Bibi Graetz, Bollamatta",라스베리
블랙 스탈리온 까베르네 소비뇽,Black Stallion Cabernet Sauvignon,자두
블랙 스탈리온 까베르네 소비뇽,Black Stallion Cabernet Sauvignon,블랙베리
블랙 스탈리온 까베르네 소비뇽,Black Stallion Cabernet Sauvignon,바닐라
블랙 스탈리온 까베르네 소비뇽,Black Stallion Cabernet Sauvignon,토스트
"블랙 스탈리온, 리미티드 릴리즈 포세이돈 샤르도네","Black Stallion, Limited Release Poseidon Chardonnay",크림
"블랙 스탈리온, 리미티드 릴리즈 포세이돈 샤르도네","Black Stallion, Limited Release Poseidon Chardonnay",생강
"블랙 스탈리온, 리미티드 릴리즈 포세이돈 샤르도네","Black Stallion, Limited Release Poseidon Chardonnay",꽃
"브리스데일, 더 와이즈 원 타우니 NV","Bleasdale, The Wise One Tawny NV",건포도
"브리스데일, 더 와이즈 원 타우니 NV","Bleasdale, The Wise One Tawny NV",초콜릿
"브리스데일, 더 와이즈 원 타우니 NV","Bleasdale, The Wise One Tawny NV",호두
"브리스데일, 더 와이즈 원 타우니 NV","Bleasdale, The Wise One Tawny NV",바닐라
"브리스데일, 더 와이즈 원 타우니 NV","Bleasdale, The Wise One Tawny NV",코코아
"브리스데일, 더 와이즈 원 타우니 NV","Bleasdale, The Wise One Tawny NV",아몬드
"브리스데일, 더 와이즈 원 타우니 NV","Bleasdale, The Wise One Tawny NV",말린과일
"보데가 차크라, 마인케 샤르도네","Bodega Chacra, Mainque Chardonnay",크림
"보데가 차크라, 마인케 샤르도네","Bodega Chacra, Mainque Chardonnay",레몬
"보데가 차크라, 마인케 샤르도네","Bodega Chacra, Mainque Chardonnay",살구
"보데가 이 비네도스 산 폴로, 아우카 클래식 말벡","Bodega y Vinedos San Polo, Auka Classic Malbec",배
"보데가 이 비네도스 산 폴로, 아우카 클래식 말벡","Bodega y Vinedos San Polo, Auka Classic Malbec",꽃
"보데가스 까레, 블랑코 소브레 리아스","Bodegas Care, Blanco Sobre Lias",파인애플
"보데가스 까로, 아만카야","Bodegas Caro, Amancaya",흑연
"보데가스 까로, 아만카야","Bodegas Caro, Amancaya",블랙커런트
"보데가스 까로, 아만카야","Bodegas Caro, Amancaya",커피
"보데가스 까로, 아만카야","Bodegas Caro, Amancaya",딸기
"보데가스 까로, 아만카야","Bodegas Caro, Amancaya",민트
"보데가스 까로, 아만카야","Bodegas Caro, Amancaya",꽃
"보데가스 까로, 아루마","Bodegas Caro, Aruma",제비꽃
"보데가스 까로, 아루마","Bodegas Caro, Aruma",자두
"보데가스 까로, 아루마","Bodegas Caro, Aruma",흙
"보데가스 까로, 아루마","Bodegas Caro, Aruma",오크
"보데가스 까로, 아루마","Bodegas Caro, Aruma",블루베리
"보데가스 까로, 아루마","Bodegas Caro, Aruma",민트
"보데가스 까로, 아루마","Bodegas Caro, Aruma",꽃
"보데가스 까로, 아루마","Bodegas Caro, Aruma",블랙베리
"보데가스 까로, 아루마","Bodegas Caro, Aruma",삼나무
"보데가스 까로, 아루마","Bodegas Caro, Aruma",블랙커런트
"보데가스 무가, 아로","Bodegas Muga, Aro",체리
"보데가스 무가, 아로","Bodegas Muga, Aro",자두
"보데가스 무가, 블랑코","Bodegas Muga, Blanco",꽃
"보데가스 무가, 블랑코","Bodegas Muga, Blanco",파인애플
"보데가스 무가, 프라도 에네아 그랑 레세르바","Bodegas Muga, Prado Enea Grand Reserva",가죽
"보데가스 무가, 리제르바 셀렉시옹 에스페시알","Bodegas Muga, Reserva Selection Especial",가죽
"보데가스 무가, 리제르바 셀렉시옹 에스페시알","Bodegas Muga, Reserva Selection Especial",허브
"보데가스 무가, 리제르바 셀렉시옹 에스페시알","Bodegas Muga, Reserva Selection Especial",미네랄
"보데가스 무가, 리제르바 셀렉시옹 에스페시알","Bodegas Muga, Reserva Selection Especial",정향
"보데가스 무가, 또레 무가","Bodegas Muga, Torre Muga",오크
"보데가스 무가, 또레 무가","Bodegas Muga, Torre Muga",배
"보데가스 넬레만, 저스트 화이트","Bodegas Neleman, Just Good Wine White",코코넛
"보데가스 넬레만, 저스트 화이트","Bodegas Neleman, Just Good Wine White",바닐라
"보데가스 넬레만, 저스트 화이트","Bodegas Neleman, Just Good Wine White",꿀
"보글, 쁘띠 시라","Bogle, Petite Sirah",오크
"보글, 쁘띠 시라","Bogle, Petite Sirah",미네랄
"볼랭저, 스페셜 뀌베 브뤼","Bollinger, Special Cuvee Brut",레몬
"볼랭저, 스페셜 뀌베 브뤼","Bollinger, Special Cuvee Brut",아몬드
"볼랭저, 스페셜 뀌베 브뤼","Bollinger, Special Cuvee Brut",미네랄
"볼랭저, 스페셜 뀌베 브뤼","Bollinger, Special Cuvee Brut",사과
"볼랭저, 스페셜 뀌베 브뤼","Bollinger, Special Cuvee Brut",생강
"본드, 세인트 이든","Bond, Saint Eden",블랙커런트
"본드, 세인트 이든","Bond, Saint Eden",꽃
"본드, 세인트 이든","Bond, Saint Eden",크림
"브란콧 에스테이트, 말보로 레터 'T' 피노누아","Brancott Estate, Marlborough Letter 'T' Pinot Noir",체리
"브란콧 에스테이트, 말보로 레터 'T' 피노누아","Brancott Estate, Marlborough Letter 'T' Pinot Noir",토스트
"브란콧 에스테이트, 말보로 레터 'T' 피노누아","Brancott Estate, Marlborough Letter 'T' Pinot Noir",꽃
"브란콧 에스테이트, 말보로 레터 'T' 피노누아","Brancott Estate, Marlborough Letter 'T' Pinot Noir",자두
"브루어 클리프턴, 산타 리타 힐스 피노 누아","Brewer-Clifton, Sta. Rita Hills Pinot Noir",장미
"브루어 클리프턴, 산타 리타 힐스 피노 누아","Brewer-Clifton, Sta. Rita Hills Pinot Noir",꽃
"브루어 클리프턴, 산타 리타 힐스 피노 누아","Brewer-Clifton, Sta. Rita Hills Pinot Noir",석류
"브루어 클리프턴, 산타 리타 힐스 피노 누아","Brewer-Clifton, Sta. Rita Hills Pinot Noir",딸기
"브루어 클리프턴, 산타 리타 힐스 피노 누아","Brewer-Clifton, Sta. Rita Hills Pinot Noir",레드커런트
"브레짜, 바롤로 깐누비","Brezza, Barolo Cannubi",가죽
"브레짜, 바롤로 깐누비","Brezza, Barolo Cannubi",미네랄
"브루노 지아코사, 바르바레스코 아실리 리제르바","Bruno Giacosa, Barbaresco Asili Riserva",장미
"브루노 지아코사, 바르바레스코 아실리 리제르바","Bruno Giacosa, Barbaresco Asili Riserva",딸기
"브루노 지아코사, 바롤로","Bruno Giacosa, Barolo",체리
"브루노 지아코사, 바롤로","Bruno Giacosa, Barolo",자두
"칸티나 길랑, 패트리샤 피노 누아","Cantina Girlan, Patricia Pinot Noir",체리
"칸티나 길랑, 트라트만 피노누아 리세르바","Cantina Girlan, Trattmann Pinot Noir Riserva",체리
"칸티네 델 보르고 레알레, 시데레우스 토스카나 로쏘","Cantine del Borgo Reale, Sidereus Toscana Rosso",허브
"칸티네 델 보르고 레알레, 시데레우스 토스카나 로쏘","Cantine del Borgo Reale, Sidereus Toscana Rosso",딸기
"칸티네 델 보르고 레알레, 시데레우스 토스카나 로쏘","Cantine del Borgo Reale, Sidereus Toscana Rosso",블랙체리
"칸티네 델 보르고 레알레, 시데레우스 토스카나 로쏘","Cantine del Borgo Reale, Sidereus Toscana Rosso",정향
"칸티네 델 보르고 레알레, 시데레우스 토스카나 로쏘","Cantine del Borgo Reale, Sidereus Toscana Rosso",꽃
"칸티네 델 보르고 레알레, 시데레우스 토스카나 로쏘","Cantine del Borgo Reale, Sidereus Toscana Rosso",체리
"칸티네 델 보르고 레알레, 시데레우스 토스카나 로쏘","Cantine del Borgo Reale, Sidereus Toscana Rosso",자두
"칸티네 델 보르고 레알레, 시데레우스 토스카나 로쏘","Cantine del Borgo Reale, Sidereus Toscana Rosso",시나몬
"칸티네 델 보르고 레알레, 시데레우스 토스카나 로쏘","Cantine del Borgo Reale, Sidereus Toscana Rosso",타바코
"칸티네 델 보르고 레알레, 시데레우스 토스카나 로쏘","Cantine del Borgo Reale, Sidereus Toscana Rosso",레드커런트
"칼린 드 파올로, 바르베라 다스티","Carlin de Paolo, Barbera d'Asti 'Ad Libitvm'",잼
"깔린드 파올로, 바롤로","Carlin de Paolo, Barolo",체리
"깔린드 파올로, 바롤로","Carlin de Paolo, Barolo",장미
"깔린드 파올로, 바롤로","Carlin de Paolo, Barolo",민트
"깔린드 파올로, 바롤로","Carlin de Paolo, Barolo",잼
까로,Caro,민트
까로,Caro,레드커런트
"카르페 디엠, 샤르도네","Carpe Diem, Chardonnay",배
"카르페 디엠, 샤르도네","Carpe Diem, Chardonnay",멜론
"카르페 디엠, 샤르도네","Carpe Diem, Chardonnay",사과
"카르페 디엠, 샤르도네","Carpe Diem, Chardonnay",삼나무
"카르페 디엠, 샤르도네","Carpe Diem, Chardonnay",자몽
"카르페 디엠, 샤르도네","Carpe Diem, Chardonnay",시나몬
"카르페 디엠, 샤르도네","Carpe Diem, Chardonnay",로즈마리
"카르페 디엠, 샤르도네","Carpe Diem, Chardonnay",오크
"카르페 디엠, 피노 누아","Carpe Diem, Pinot Noir",체리
"카르페 디엠, 피노 누아","Carpe Diem, Pinot Noir",자두
"카르페 디엠, 피노 누아","Carpe Diem, Pinot Noir",라스베리
"카르페 디엠, 피노 누아","Carpe Diem, Pinot Noir",오크
"카르페 디엠, 피노 누아","Carpe Diem, Pinot Noir",정향
"카르페 디엠, 피노 누아","Carpe Diem, Pinot Noir",블랙커런트
"카르페 디엠, 피노 누아","Carpe Diem, Pinot Noir",삼나무
"까르피네토, 파니토 빈산토 델 키안티","Carpineto, Farnito Vinsanto del Chianti",호두
"까르피네토, 파니토 빈산토 델 키안티","Carpineto, Farnito Vinsanto del Chianti",잼
"까르피네토, 파니토 빈산토 델 키안티","Carpineto, Farnito Vinsanto del Chianti",오크
"까르피네토, 비노 노빌레 디 몬테풀치아노 리제르바","Carpineto, Vino Nobile di Montepulciano Reserva",오크
까르뜨 블랑슈 까베르네 소비뇽,"Carte Blanche, Cabernet Sauvignon",흙
까르뜨 블랑슈 까베르네 소비뇽,"Carte Blanche, Cabernet Sauvignon",미네랄
"카잘 파르네토, 치마이오","Casal Farneto, Cimaio",미네랄
"카잘 파르네토, 치마이오","Casal Farneto, Cimaio",바닐라
"카잘 파르네토, 치마이오","Casal Farneto, Cimaio",꿀
"카잘 파르네토, 치마이오","Casal Farneto, Cimaio",아몬드
"카시나 치쿠, 랑게 네비올로","Cascina Chicco, Langhe Nebbiolo",체리
"카스텔로 디 폰테루톨리, 키안티 클라시코","Castello di Fonterutoli, Chianti Classico",꽃
"카스텔로 디 폰테루톨리, 키안티 클라시코","Castello di Fonterutoli, Chianti Classico",후추
"카스텔로 디 폰테루톨리, 키안티 클라시코","Castello di Fonterutoli, Chianti Classico",가죽
"카스텔로 디 폰테루톨리, 키안티 클라시코","Castello di Fonterutoli, Chianti Classico",체리
"카스텔로 디 몬테포, 스키디오네","Castello di Montepo, Schidione",바닐라
"카스텔로 디 몬테포, 스키디오네","Castello di Montepo, Schidione",석류
"카스텔로 디 퀘르체토, 키안티 클라시코","Castello di Querceto, Chianti Classico",체리
"카스텔로 디 퀘르체토, 키안티 클라시코","Castello di Querceto, Chianti Classico",후추
"카네타 자파타, 안젤리카 자파타 말벡","Catena Zapata, Angelica Zapata Malbec",미네랄
"카네타 자파타, 안젤리카 자파타 말벡","Catena Zapata, Angelica Zapata Malbec",자두
"카테나 자파타, 디.브이 카테나 카베르네 히스토리코","Catena Zapata, D.V Catena Cabernet Historico",토스트
"카테나 자파타, 디.브이 카테나 카베르네 히스토리코","Catena Zapata, D.V Catena Cabernet Historico",가죽
"카테나 자파타, 디.브이 카테나 말벡 히스토리코","Catena Zapata, D.V Catena Malbec Historico",자두
"카테나 자파타, 디.브이 카테나 말벡 히스토리코","Catena Zapata, D.V Catena Malbec Historico",토스트
"카테나 자파타, 디.브이 카테나 말벡 히스토리코","Catena Zapata, D.V Catena Malbec Historico",체리
"셀라 드 캅파네스, 포텐테","Cellar de Capcanes, Potente",초콜릿
"셀라 드 캅파네스, 포텐테","Cellar de Capcanes, Potente",딸기
"셀라 드 캅파네스, 포텐테","Cellar de Capcanes, Potente",자두
셀리에 오 무안 지브리 프리미에 크뤼 클로 뒤 셀리에 오 무안,Cellier aux Moines Givry 1er Cru Clos du Cellier aux Moines,감초
셀리에 오 무안 지브리 프리미에 크뤼 클로 뒤 셀리에 오 무안,Cellier aux Moines Givry 1er Cru Clos du Cellier aux Moines,미네랄
셀리에 오 무안 지브리 프리미에 크뤼 클로 뒤 셀리에 오 무안,Cellier aux Moines Givry 1er Cru Clos du Cellier aux Moines,자두
셀리에 오 무안 몽타니 프리미에 크뤼 레 콤브,Cellier aux Moines Montagny 1er Cru Les Combes,복숭아
셀리에 오 무안 몽타니 프리미에 크뤼 레 콤브,Cellier aux Moines Montagny 1er Cru Les Combes,멜론
셀리에 오 무안 몽타니 프리미에 크뤼 레 콤브,Cellier aux Moines Montagny 1er Cru Les Combes,자몽
셀리에 오 무안 몽타니 프리미에 크뤼 레 콤브,Cellier aux Moines Montagny 1er Cru Les Combes,꽃
셀리에 오 무안 몽타니 프리미에 크뤼 레 콤브,Cellier aux Moines Montagny 1er Cru Les Combes,후추
셀리에 오 무안 상트네 프리미에 크뤼 보르가르,Cellier aux Moines Santenay 1er Cru Beauregard,오크
셀리에 오 무안 상트네 프리미에 크뤼 보르가르,Cellier aux Moines Santenay 1er Cru Beauregard,복숭아
셀리에 오 무안 상트네 프리미에 크뤼 보르가르,Cellier aux Moines Santenay 1er Cru Beauregard,헤이즐넛
셀리에 오 무안 상트네 프리미에 크뤼 보르가르,Cellier aux Moines Santenay 1er Cru Beauregard,꽃
셀리에 오 무안 상트네 프리미에 크뤼 보르가르,Cellier aux Moines Santenay 1er Cru Beauregard,시트러스
"샴페인 부와젤, 블랑 드 블랑","Champagne Boizel, Blanc de Blanc",자몽
"샴페인 부와젤, 블랑 드 블랑","Champagne Boizel, Blanc de Blanc",꿀
"샴페인 부와젤, 블랑 드 블랑","Champagne Boizel, Blanc de Blanc",아몬드
"샴페인 부와젤, 블랑 드 누아","Champagne Boizel, Blanc de Noir",홍차
"샴페인 부와젤, 블랑 드 누아","Champagne Boizel, Blanc de Noir",딸기
"샴페인 부와젤, 블랑 드 누아","Champagne Boizel, Blanc de Noir",페이스트리
"샴페인 부와젤, 브뤼 리저브","Champagne Boizel, Brut Reserve",레몬
"샴페인 드 브노쥬, 꼬르동 블루 브뤼","Champagne de Venoge, Cordon Bleu Brut",꿀
"샴페인 드 브노쥬, 꼬르동 블루 브뤼","Champagne de Venoge, Cordon Bleu Brut",사과
"샴페인 드 브노쥬, 꼬르동 블루 브뤼","Champagne de Venoge, Cordon Bleu Brut",레몬
"샴페인 드 브노쥬, 루이 도르 브뤼","Champagne de Venoge, Louis d'Or Brut",미네랄
"샴페인 드 브노쥬, 루이 도르 브뤼","Champagne de Venoge, Louis d'Or Brut",바닐라
"샴페인 드 브노쥬, 루이 도르 브뤼","Champagne de Venoge, Louis d'Or Brut",버섯
"샴페인 드 브노쥬, 루이 도르 브뤼","Champagne de Venoge, Louis d'Or Brut",브리오슈
"샴페인 드 브노쥬, 루이 15세 브뤼","Champagne de Venoge, Louis XV",바닐라
"샴페인 드 브노쥬, 루이 15세 브뤼","Champagne de Venoge, Louis XV",레몬그라스
"샴페인 드 브노쥬, 루이 15세 브뤼","Champagne de Venoge, Louis XV",브리오슈
"샴페인 드 브노쥬, 루이 15세 브뤼","Champagne de Venoge, Louis XV",레몬
"샴페인 드 브노쥬, 루이 15세 300주년 기념 에디션","Champagne de Venoge, Louis XV 300th Anniversary of the Coronation Edition",미네랄
"샴페인 드라피에, 콰투아","Champagne Drappier, Quattuor",미네랄
"샴페인 드라피에, 콰투아","Champagne Drappier, Quattuor",잼
"샴페인 드라피에, 콰투아","Champagne Drappier, Quattuor",꽃
"샴페인 드라피에, 콰투아","Champagne Drappier, Quattuor",꿀
"샴페인 유진 쓰리, 트레디션 브뤼","Champagne Eugene III, Tradition Brut",말린과일
"샴페인 유진 쓰리, 트레디션 브뤼","Champagne Eugene III, Tradition Brut",페이스트리
"샴페인 유진 쓰리, 트레디션 브뤼","Champagne Eugene III, Tradition Brut",살구
"샴페인 유진 쓰리, 트레디션 브뤼","Champagne Eugene III, Tradition Brut",레몬
"샴페인 유진 쓰리, 트레디션 브뤼","Champagne Eugene III, Tradition Brut",시트러스
"샴페인 누빌, 꼬뜨 블랑쉐","Champagne Le Brun de Neuville, Cote Blanche",아카시아
"샴페인 누빌, 꼬뜨 블랑쉐","Champagne Le Brun de Neuville, Cote Blanche",크림
"샤를 엘너, 까르뜨 블랑슈 브뤼","Charles Ellner, Carte Blanche Brut",브리오슈
"샤를 엘너, 까르뜨 블랑슈 브뤼","Charles Ellner, Carte Blanche Brut",오크
"샤를 엘너, 까르뜨 블랑슈 브뤼","Charles Ellner, Carte Blanche Brut",레몬
"샤를 엘너, 까르뜨 블랑슈 브뤼","Charles Ellner, Carte Blanche Brut",아몬드
"샤를 엘너, 까르뜨 블랑슈 브뤼","Charles Ellner, Carte Blanche Brut",복숭아
"샤를 엘너, 까르뜨 블랑슈 브뤼","Charles Ellner, Carte Blanche Brut",꿀
"샤를 엘너, 까르뜨 블랑슈 브뤼","Charles Ellner, Carte Blanche Brut",체리
"샤를 엘너, 프레스티지 밀레짐 브뤼","Charles Ellner, Prestige Millesime Brut",사과
"샤를 엘너, 프레스티지 밀레짐 브뤼","Charles Ellner, Prestige Millesime Brut",오렌지
"샤를 엘너, 프레스티지 밀레짐 브뤼","Charles Ellner, Prestige Millesime Brut",리치
"샤를 오르방, 블랑 드 누아","Charles Orban, Blanc de Noirs",브리오슈
"샤를 오르방, 블랑 드 누아","Charles Orban, Blanc de Noirs",자두
"샤를 오르방, 블랑 드 누아","Charles Orban, Blanc de Noirs",시나몬
샤또 바따이,Chateau Batailley,감초
샤또 바따이,Chateau Batailley,삼나무
샤또 브라네르 뒤크뤼,Chateau Branaire Ducru,감초
샤또 브라네르 뒤크뤼,Chateau Branaire Ducru,배
샤또 시트랑,Chateau Citran,초콜릿
샤또 끌리네,Chateau Clinet,삼나무
"샤또 드 보카스텔, 샤또네프 뒤 빠쁘 루즈","Chateau de Beaucastel, Chateauneuf du Pape Rouge",후추
"샤또 드 보카스텔, 샤또네프 뒤 빠쁘 루즈","Chateau de Beaucastel, Chateauneuf du Pape Rouge",블루베리
"샤또 드 보카스텔, 샤또네프 뒤 빠쁘 루즈","Chateau de Beaucastel, Chateauneuf du Pape Rouge",미네랄
"샤또 드 보카스텔, 샤또네프 뒤 빠쁘 루즈","Chateau de Beaucastel, Chateauneuf du Pape Rouge",라스베리
"샤또 드 보카스텔, 샤또네프 뒤 빠쁘 루즈","Chateau de Beaucastel, Chateauneuf du Pape Rouge",오크
"샤또 드 보카스텔, 샤또네프 뒤 빠쁘 루즈","Chateau de Beaucastel, Chateauneuf du Pape Rouge",버섯
"샤또 드 보카스텔, 샤또네프 뒤 빠쁘 루즈","Chateau de Beaucastel, Chateauneuf du Pape Rouge",블랙베리
"샤또 드 보카스텔, 샤또네프 뒤 빠쁘 루즈","Chateau de Beaucastel, Chateauneuf du Pape Rouge",흙
샤또 드 페즈,Chateau de Pez,오크
샤또 드 페즈,Chateau de Pez,고수
샤또 피작,Chateau Figeac,블랙베리
샤또 피작,Chateau Figeac,타바코
샤또 피작,Chateau Figeac,오크
샤또 피작,Chateau Figeac,흑연
샤또 피작,Chateau Figeac,버섯
샤또 피작,Chateau Figeac,블랙커런트
샤또 피작,Chateau Figeac,호두
샤또 피작,Chateau Figeac,가죽
샤또 피작,Chateau Figeac,블루베리
샤또 피작,Chateau Figeac,미네랄
샤토 장 파우레,Chateau Jean Faure,허브
샤토 장 파우레,Chateau Jean Faure,블랙체리
샤토 장 파우레,Chateau Jean Faure,블랙커런트
샤토 장 파우레,Chateau Jean Faure,오크
샤토 장 파우레,Chateau Jean Faure,블랙베리
샤또 마고,Chateau Margaux,장미
샤또 마고,Chateau Margaux,블루베리
샤또 마고,Chateau Margaux,제비꽃
샤또 마고,Chateau Margaux,블랙커런트
샤또 마고,Chateau Margaux,흑연
샤또 마고,Chateau Margaux,오크
샤또 마고,Chateau Margaux,라스베리
"샤또 몬텔레나, 나파 밸리 샤도네이","Chateau Montelena, Napa Valley Chardonnay",감귤
"샤또 몬텔레나, 나파 밸리 샤도네이","Chateau Montelena, Napa Valley Chardonnay",헤이즐넛
"샤또 몬텔레나, 나파 밸리 샤도네이","Chateau Montelena, Napa Valley Chardonnay",복숭아
샤토 폴 마스 클로 사비냑,Chateau Paul Mas Clos Savignac,코코넛
샤또 퐁테 카네,Chateau Pontet Canet,시나몬
샤또 퐁테 카네,Chateau Pontet Canet,블랙베리
샤또 퐁테 카네,Chateau Pontet Canet,장미
샤또 퐁테 카네,Chateau Pontet Canet,블랙커런트
샤또 퐁테 카네,Chateau Pontet Canet,정향
샤또 퐁테 카네,Chateau Pontet Canet,흑연
샤또 퐁테 카네,Chateau Pontet Canet,오크
샤또 퐁테 카네,Chateau Pontet Canet,라스베리
"샤또 뽀띠롱, 뀌베 엑셀런스","Chateau Potiron, Cuvee Excellence",자두
"샤또 뽀띠롱, 뀌베 엑셀런스","Chateau Potiron, Cuvee Excellence",딸기
샤또 라울 그라브 블랑,Chateau Rahoul Graves Blanc,크림
샤또 라울 그라브 블랑,Chateau Rahoul Graves Blanc,오크
샤또 라울 그라브 블랑,Chateau Rahoul Graves Blanc,배
"샤또 생진, 생 세파쥬","Chateau St. Jean, Cinq Cepages",허브
"샤또 생진, 생 세파쥬","Chateau St. Jean, Cinq Cepages",자두
"샤또 생진, 생 세파쥬","Chateau St. Jean, Cinq Cepages",체리
"샤토 생 미셸, 컬럼비아 밸리 리슬링","Chateau Ste. Michelle, Columbia Valley Riesling",사과
"샤토 생 미셸, 컬럼비아 밸리 리슬링","Chateau Ste. Michelle, Columbia Valley Riesling",허브
"샤토 생 미셸, 컬럼비아 밸리 리슬링","Chateau Ste. Michelle, Columbia Valley Riesling",미네랄
"샤토 생 미셸, 컬럼비아 밸리 리슬링","Chateau Ste. Michelle, Columbia Valley Riesling",시트러스
"샤토 생 미셸, 컬럼비아 밸리 리슬링","Chateau Ste. Michelle, Columbia Valley Riesling",복숭아
샤또 딸보,Chateau Talbot,허브
샤또 딸보,Chateau Talbot,블랙체리
샤또 딸보,Chateau Talbot,꽃
샤또 딸보,Chateau Talbot,블랙베리
샤또 딸보,Chateau Talbot,흙
샤또 딸보,Chateau Talbot,자두
샤또 딸보,Chateau Talbot,블랙커런트
샤또 딸보,Chateau Talbot,오크
샤또 발란드로,Chateau Valandraud,블랙베리
샤또 발란드로,Chateau Valandraud,미네랄
샤또 발란드로,Chateau Valandraud,블루베리
샤또 발란드로,Chateau Valandraud,바닐라
샤또 발란드로,Chateau Valandraud,제비꽃
샤또 발란드로,Chateau Valandraud,초콜릿
샤또 발란드로,Chateau Valandraud,오크
샤또 발란드로,Chateau Valandraud,타바코
"치아봇 베르통, 바롤로 1961","Ciabot Berton, Barolo 1961",미네랄
"치아봇 베르통, 바롤로 1961","Ciabot Berton, Barolo 1961",장미
"치아봇 베르통, 바롤로 라 모라","Ciabot Berton, Barolo La Morra",딸기
"치아봇 베르통, 바롤로 라 모라","Ciabot Berton, Barolo La Morra",무화과
"치아봇 베르통, 바롤로 로케테비노","Ciabot Berton, Barolo Rocchettevino",허브
"클리프 레이디, 펠 샤도네이","Cliff Lede, Fel Chardonnay",꽃
"클리프 레이디, 펠 샤도네이","Cliff Lede, Fel Chardonnay",부싯돌
"클리프 레이디, 펠 샤도네이","Cliff Lede, Fel Chardonnay",멜론
"클리프 레이디, 펠 샤도네이","Cliff Lede, Fel Chardonnay",배
"클리프 레이디, 펠 샤도네이","Cliff Lede, Fel Chardonnay",오크
"폴 케브라다 드 마쿨, 페냐롤렌 테즈","Clos Quebrada de Macul, Penalolen Tez",자두
"폴 케브라다 드 마쿨, 페냐롤렌 테즈","Clos Quebrada de Macul, Penalolen Tez",허브
"폴 케브라다 드 마쿨, 페냐롤렌 테즈","Clos Quebrada de Macul, Penalolen Tez",민트
"폴 케브라다 드 마쿨, 페냐롤렌 테즈","Clos Quebrada de Macul, Penalolen Tez",말린허브
"폴 케브라다 드 마쿨, 페냐롤렌 테즈","Clos Quebrada de Macul, Penalolen Tez",라스베리
"폴 케브라다 드 마쿨, 페냐롤렌 테즈","Clos Quebrada de Macul, Penalolen Tez",커피
"폴 케브라다 드 마쿨, 페냐롤렌 테즈","Clos Quebrada de Macul, Penalolen Tez",바닐라
"폴 케브라다 드 마쿨, 페냐롤렌 테즈","Clos Quebrada de Macul, Penalolen Tez",삼나무
"폴 케브라다 드 마쿨, 페냐롤렌 테즈","Clos Quebrada de Macul, Penalolen Tez",블랙커런트
"콜도르치아, 올마이아 산탄티모 까베르네","Col d'Orcia, Olmaia Sant'antimo Cabernet",꽃
"콜도르치아, 올마이아 산탄티모 까베르네","Col d'Orcia, Olmaia Sant'antimo Cabernet",오크
"콜레프리지오, 아파시멘토","Collefrisio, Appassimento",초콜릿
"콜레프리지오, 아파시멘토","Collefrisio, Appassimento",자두
"콜레프리지오, 칸프란토","Collefrisio, Confronto",석류
"콜레프리지오, 칸프란토","Collefrisio, Confronto",정향
"콜레프리지오, 인 앤 아웃","Collefrisio, In & Out",딸기
"콜레프리지오, 인 앤 아웃","Collefrisio, In & Out",석류
"콜레프리지오, 세미스","Collefrisio, Semis",정향
"콜레프리지오, 세미스","Collefrisio, Semis",석류
"콘트라또, 밀레시마토 엑스트라 브뤼","Contratto, Millesimato Extra Brut",민트
"콘트라또, 밀레시마토 엑스트라 브뤼","Contratto, Millesimato Extra Brut",부싯돌
"콘트라또, 밀레시마토 엑스트라 브뤼","Contratto, Millesimato Extra Brut",감귤
코넌드럼 화이트,Conundrum White,레몬
코넌드럼 화이트,Conundrum White,꽃
코넌드럼 화이트,Conundrum White,열대과일
코넌드럼 화이트,Conundrum White,오크
컬트 카베르네 소비뇽,Cult Cabernet Sauvignon,가죽
컬트 카베르네 소비뇽,Cult Cabernet Sauvignon,민트
컬트 카베르네 소비뇽,Cult Cabernet Sauvignon,리치
"달 포르노 로마노, 아마로네 델라 발포리첼라","Dal Forno Romano, Amarone della Valpolicella",흙
"달 포르노 로마노, 아마로네 델라 발포리첼라","Dal Forno Romano, Amarone della Valpolicella",블랙베리
"달 포르노 로마노, 아마로네 델라 발포리첼라","Dal Forno Romano, Amarone della Valpolicella",초콜릿
"달 포르노 로마노, 아마로네 델라 발포리첼라","Dal Forno Romano, Amarone della Valpolicella",블루베리
"달 포르노 로마노, 아마로네 델라 발포리첼라","Dal Forno Romano, Amarone della Valpolicella",건포도
"달 포르노 로마노, 아마로네 델라 발포리첼라","Dal Forno Romano, Amarone della Valpolicella",버섯
"달 포르노 로마노, 아마로네 델라 발포리첼라","Dal Forno Romano, Amarone della Valpolicella",오크
"달 포르노 로마노, 아마로네 델라 발포리첼라","Dal Forno Romano, Amarone della Valpolicella",말린과일
"달 포르노 로마노, 아마로네 델라 발포리첼라","Dal Forno Romano, Amarone della Valpolicella",미네랄
"달 포르노 로마노, 발폴리첼라 수페리오레","Dal Forno Romano, Valpolicella Superiore",블랙베리
"달 포르노 로마노, 발폴리첼라 수페리오레","Dal Forno Romano, Valpolicella Superiore",미네랄
"달 포르노 로마노, 발폴리첼라 수페리오레","Dal Forno Romano, Valpolicella Superiore",버섯
"달 포르노 로마노, 발폴리첼라 수페리오레","Dal Forno Romano, Valpolicella Superiore",블루베리
"달 포르노 로마노, 발폴리첼라 수페리오레","Dal Forno Romano, Valpolicella Superiore",제비꽃
"달 포르노 로마노, 발폴리첼라 수페리오레","Dal Forno Romano, Valpolicella Superiore",말린자두
"달 포르노 로마노, 발폴리첼라 수페리오레","Dal Forno Romano, Valpolicella Superiore",초콜릿
"달 포르노 로마노, 발폴리첼라 수페리오레","Dal Forno Romano, Valpolicella Superiore",타바코
"달 포르노 로마노, 발폴리첼라 수페리오레","Dal Forno Romano, Valpolicella Superiore",가죽
"다나 에스테이트, 바소 카베르네 소비뇽","Dana Estates, Vaso Cabernet Sauvignon",자두
"다나 에스테이트, 바소 카베르네 소비뇽","Dana Estates, Vaso Cabernet Sauvignon",레드커런트
"다나 에스테이트, 바소 카베르네 소비뇽","Dana Estates, Vaso Cabernet Sauvignon",버섯
"다리우스 II, 카베르네 소비뇽","Darius II, Cabernet Sauvignon",커피
"다리우스 II, 카베르네 소비뇽","Darius II, Cabernet Sauvignon",월계수
"다리우스 II, 카베르네 소비뇽","Darius II, Cabernet Sauvignon",블루베리
"드 샹세니, 크레망 드 루아르 브뤼","De Chanceny, Cremant de Loire Brut",꽃
"디코이, 피노누아","Decoy, Pinot Noir",흙
"디코이, 피노누아","Decoy, Pinot Noir",오크
들라스 에르미타주 도멘 데 뚜레뜨,Delas Hermitage Domaine des Tourettes,미네랄
들라스 에르미타주 도멘 데 뚜레뜨,Delas Hermitage Domaine des Tourettes,블루베리
"디오블릿, 조토비치 패밀리 빈야드 피노 누아","Deovlet, Zotovich Family Vineyard Pinot Noir",오렌지
"디오블릿, 조토비치 패밀리 빈야드 피노 누아","Deovlet, Zotovich Family Vineyard Pinot Noir",민트
"디오블릿, 조토비치 패밀리 빈야드 피노 누아","Deovlet, Zotovich Family Vineyard Pinot Noir",석류
"도츠, 윌리엄 도츠","Deutz, William Deutz",체리
"도츠, 윌리엄 도츠","Deutz, William Deutz",아몬드
드보 뀌베 디,Devaux Cuvee D,토스트
드보 뀌베 디,Devaux Cuvee D,바닐라
드보 뀌베 디,Devaux Cuvee D,꽃
"디왈드 와인, 리드 아이젠훝 리슬링","Diwald Wine, Ried Eisenhut 1OTW Riesling",미네랄
"디왈드 와인, 리드 아이젠훝 리슬링","Diwald Wine, Ried Eisenhut 1OTW Riesling",꽃
"디왈드 와인, 리드 아이젠훝 리슬링","Diwald Wine, Ried Eisenhut 1OTW Riesling",허브
"디왈드 와인, 리드 아이젠훝 리슬링","Diwald Wine, Ried Eisenhut 1OTW Riesling",청사과
"디왈드 와인, 리드 아이젠훝 리슬링","Diwald Wine, Ried Eisenhut 1OTW Riesling",흰꽃
"디왈드 와인, 리드 아이젠훝 리슬링","Diwald Wine, Ried Eisenhut 1OTW Riesling",부싯돌
"디왈드 와인, 리드 아이젠훝 리슬링","Diwald Wine, Ried Eisenhut 1OTW Riesling",사과
"디왈드 와인, 리드 아이젠훝 리슬링","Diwald Wine, Ried Eisenhut 1OTW Riesling",시트러스
"돔 꾸드론, 슈블리미티","Dom Caudron, Sublimite",크림
"돔 꾸드론, 슈블리미티","Dom Caudron, Sublimite",배
"돔 꾸드론, 슈블리미티","Dom Caudron, Sublimite",아몬드
"도멘 앤더슨 에스테이트, 샤르도네 앤더슨 밸리","Domaine Anderson Estate, Chardonnay Anderson Valley",미네랄
"도멘 앤더슨 에스테이트, 샤르도네 앤더슨 밸리","Domaine Anderson Estate, Chardonnay Anderson Valley",꽃
"도멘 앤더슨 에스테이트, 샤르도네 앤더슨 밸리","Domaine Anderson Estate, Chardonnay Anderson Valley",석류
"도멘 앤더슨 에스테이트, 샤르도네 앤더슨 밸리","Domaine Anderson Estate, Chardonnay Anderson Valley",사과
"도멘 앤더슨 에스테이트, 샤르도네 앤더슨 밸리","Domaine Anderson Estate, Chardonnay Anderson Valley",버터
"도멘 앤더슨 에스테이트, 샤르도네 앤더슨 밸리","Domaine Anderson Estate, Chardonnay Anderson Valley",아몬드
"도멘 앤더슨 에스테이트, 샤르도네 앤더슨 밸리","Domaine Anderson Estate, Chardonnay Anderson Valley",배
"도멘 앤더슨 에스테이트, 샤르도네 앤더슨 밸리","Domaine Anderson Estate, Chardonnay Anderson Valley",감귤
"도멘 앤더슨 에스테이트, 샤르도네 앤더슨 밸리","Domaine Anderson Estate, Chardonnay Anderson Valley",살구
"도멘 앤더슨 에스테이트, 샤르도네 앤더슨 밸리","Domaine Anderson Estate, Chardonnay Anderson Valley",토스트
"도멘 앤더슨 에스테이트, 샤르도네 앤더슨 밸리","Domaine Anderson Estate, Chardonnay Anderson Valley",레몬
"도멘 앤더슨 에스테이트, 샤르도네 앤더슨 밸리","Domaine Anderson Estate, Chardonnay Anderson Valley",오크
"도멘 앤더슨 에스테이트, 피노 누아 앤더슨 밸리","Domaine Anderson, Estate Pinot Noir Anderson Valley",체리
"도멘 앤더슨 에스테이트, 피노 누아 앤더슨 밸리","Domaine Anderson, Estate Pinot Noir Anderson Valley",허브
"도멘 앤더슨 에스테이트, 피노 누아 앤더슨 밸리","Domaine Anderson, Estate Pinot Noir Anderson Valley",석류
"도멘 앤더슨 에스테이트, 피노 누아 앤더슨 밸리","Domaine Anderson, Estate Pinot Noir Anderson Valley",딸기
"도멘 앤더슨 에스테이트, 피노 누아 앤더슨 밸리","Domaine Anderson, Estate Pinot Noir Anderson Valley",크랜베리
"도멘 앤더슨 에스테이트, 피노 누아 앤더슨 밸리","Domaine Anderson, Estate Pinot Noir Anderson Valley",삼나무
"도멘 앤더슨 에스테이트, 피노 누아 앤더슨 밸리","Domaine Anderson, Estate Pinot Noir Anderson Valley",홍차
"도멘 앤더슨 에스테이트, 피노 누아 앤더슨 밸리","Domaine Anderson, Estate Pinot Noir Anderson Valley",오크
"도멘 앤더슨 에스테이트, 피노 누아 앤더슨 밸리","Domaine Anderson, Estate Pinot Noir Anderson Valley",낙엽
"도멘 앤더슨 에스테이트, 피노 누아 앤더슨 밸리","Domaine Anderson, Estate Pinot Noir Anderson Valley",라스베리
"도멘 앤더슨 에스테이트, 피노 누아 앤더슨 밸리","Domaine Anderson, Estate Pinot Noir Anderson Valley",시트러스
"도멘 앙또넹 기용, 뫼르소 샤르므 프르미에 크뤼 '레 샤름 드쉬'","Domaine Antonin Guyon, Meursault Charmes 1er Cru 'Les Charmes Dessus'",꿀
"도멘 앙또넹 기용, 뫼르소 샤르므 프르미에 크뤼 '레 샤름 드쉬'","Domaine Antonin Guyon, Meursault Charmes 1er Cru 'Les Charmes Dessus'",배
"도멘 생 미셸, 브뤼","Domaine Ste. Michelle, Brut",사과
"도멘 생 미셸, 브뤼","Domaine Ste. Michelle, Brut",감귤
"도멘 생 미셸, 브뤼","Domaine Ste. Michelle, Brut",브리오슈
"된호프, 니더하우저 헤르만숄레 리슬링 슈페트레제","Dönnhoff, Niederhauser Hermannshole Riesling Spatlese",사과
"된호프, 니더하우저 헤르만숄레 리슬링 슈페트레제","Dönnhoff, Niederhauser Hermannshole Riesling Spatlese",꿀
"된호프, 리슬링 파인헤릅","Dönnhoff, Riesling Feinherb",꽃
"두르뜨, 뉘메로 엥 소비뇽 블랑","Dourthe, No.1 Sauvignon Blanc",미네랄
"두르뜨, 뉘메로 엥 소비뇽 블랑","Dourthe, No.1 Sauvignon Blanc",꽃
"듀몰, 하이디 빈야드 샤도네이","DuMOL, Hyde Vineyard Chardonnay",미네랄
"듀몰, 하이디 빈야드 샤도네이","DuMOL, Hyde Vineyard Chardonnay",민트
"듀몰, 하이디 빈야드 샤도네이","DuMOL, Hyde Vineyard Chardonnay",레몬
"듀몰, 웨스터 리치 샤도네이","DuMOL, Wester Reach Chardonnay Russian River Valley",리치
"듀몰, 웨스터 리치 샤도네이","DuMOL, Wester Reach Chardonnay Russian River Valley",시트러스
"듀몰, 웨스터 리치 샤도네이","DuMOL, Wester Reach Chardonnay Russian River Valley",백도
"듀몰, 웨스터 리치 샤도네이","DuMOL, Wester Reach Chardonnay Russian River Valley",오크
"듀몰, 웨스터 리치 샤도네이","DuMOL, Wester Reach Chardonnay Russian River Valley",생강
"듀몰, 웨스터 리치 샤도네이","DuMOL, Wester Reach Chardonnay Russian River Valley",헤이즐넛
"듀몰, 웨스터 리치 샤도네이","DuMOL, Wester Reach Chardonnay Russian River Valley",미네랄
"듀몰, 웨스터 리치 피노 누아","DuMOL, Wester Reach Pinot Noir",체리
"듀몰, 웨스터 리치 피노 누아","DuMOL, Wester Reach Pinot Noir",오렌지
"듀몰, 웨스터 리치 피노 누아","DuMOL, Wester Reach Pinot Noir",리치
"듀몰, 웨스터 리치 피노 누아","DuMOL, Wester Reach Pinot Noir",홍차
"에라스, 오리건 피노 누아","Erath, Oregon Pinot Noir",블랙베리
에토스 리저브 까베르네 소비뇽,Ethos Reserve Cabernet Sauvignon,바닐라
에토스 리저브 까베르네 소비뇽,Ethos Reserve Cabernet Sauvignon,초콜릿
"파 니엔테, 나파 밸리 카버네 소비뇽","Far Niente, Napa Valley Cabernet Sauvignon",오크
"파 니엔테, 나파 밸리 카버네 소비뇽","Far Niente, Napa Valley Cabernet Sauvignon",라벤더
"파머스 립, 더 브레이브","Farmer's Leap, The Brave",후추
"파머스 립, 더 브레이브","Farmer's Leap, The Brave",오크
"파머스 립, 더 브레이브","Farmer's Leap, The Brave",허브
"파머스 립, 더 브레이브","Farmer's Leap, The Brave",피망
"파토리아 데이 바르비, 브루넬로 디 몬탈치노 '비냐 델 피오르'","Fattoria dei Barbi, Brunello di Montalcino 'Vigna del Fiore'",허브
페더 카베르네 소비뇽,Feather Cabernet Sauvignon,허브
"핀까 엘 오리엔, 말벡","Finca el Origen, Malbec",체리
"핀까 엘 오리엔, 말벡","Finca el Origen, Malbec",제비꽃
"핀까 엘 오리엔, 말벡","Finca el Origen, Malbec",블랙체리
"핀까 엘 오리엔, 말벡","Finca el Origen, Malbec",오크
"핀까 엘 오리엔, 말벡","Finca el Origen, Malbec",라스베리
"핀까 엘 오리엔, 말벡","Finca el Origen, Malbec",붉은꽃
"핀까 엘 오리엔, 말벡","Finca el Origen, Malbec",타바코
"핀까 엘 오리엔, 레세르바 까베르네 소비뇽","Finca el Origen, Reserva Cabernet Sauvignon",허브
"핀까 엘 오리엔, 레세르바 까베르네 소비뇽","Finca el Origen, Reserva Cabernet Sauvignon",오크
"핀까 엘 오리엔, 레세르바 까베르네 소비뇽","Finca el Origen, Reserva Cabernet Sauvignon",블랙체리
"핀까 엘 오리엔, 레세르바 까베르네 소비뇽","Finca el Origen, Reserva Cabernet Sauvignon",붉은꽃
"핀까 엘 오리엔, 레세르바 까베르네 소비뇽","Finca el Origen, Reserva Cabernet Sauvignon",바닐라
"핀까 엘 오리엔, 레세르바 까베르네 소비뇽","Finca el Origen, Reserva Cabernet Sauvignon",블랙베리
"핀까 엘 오리엔, 레세르바 까베르네 소비뇽","Finca el Origen, Reserva Cabernet Sauvignon",후추
"핀까 엘 오리엔, 레세르바 까베르네 소비뇽","Finca el Origen, Reserva Cabernet Sauvignon",블루베리
"핀까 엘 오리엔, 리세르바 말벡","Finca el Origen, Reserva Malbec",타바코
"핀까 엘 오리엔, 리세르바 말벡","Finca el Origen, Reserva Malbec",라스베리
"핀까 엘 오리엔, 리세르바 말벡","Finca el Origen, Reserva Malbec",레드커런트
"핀까 엘 오리엔, 리세르바 말벡","Finca el Origen, Reserva Malbec",블랙체리
"핀까 엘 오리엔, 리세르바 말벡","Finca el Origen, Reserva Malbec",바닐라
"핀까 엘 오리엔, 리세르바 말벡","Finca el Origen, Reserva Malbec",후추
"핀까 엘 오리엔, 리세르바 말벡","Finca el Origen, Reserva Malbec",체리
"핀까 엘 오리엔, 리세르바 말벡","Finca el Origen, Reserva Malbec",붉은꽃
"프랑소와 크로쉐, 상세르 블랑 에그질","Francois Crochet, Sancerre Blanc Exils",배
"프랑소와 크로쉐, 상세르 블랑 에그질","Francois Crochet, Sancerre Blanc Exils",미네랄
"프랑소와 크로쉐, 상세르 블랑 에그질","Francois Crochet, Sancerre Blanc Exils",감귤
"프랑소와 크로쉐, 상세르 블랑 레 자무레즈","Francois Crochet, Sancerre Blanc Les Amoureuses",레몬
"프랑소와 크로쉐, 상세르 블랑 레 자무레즈","Francois Crochet, Sancerre Blanc Les Amoureuses",사과
"프랑소와 크로쉐, 상세르 블랑 레 자무레즈","Francois Crochet, Sancerre Blanc Les Amoureuses",꽃
"프랑크 패밀리, 나파 밸리 카베르네 소비뇽","Frank Family, Napa Valley Cabernet Sauvignon",정향
"프랑크 패밀리, 진판델 나파 밸리","Frank Family, Zinfandel Napa Valley",리치
"프랑크 패밀리, 진판델 나파 밸리","Frank Family, Zinfandel Napa Valley",블랙베리
"프리먼, 아키코 퀴베 피노누아","Freeman, Akiko's Cuvee Pinot Noir",꽃
"프리먼, 아키코 퀴베 피노누아","Freeman, Akiko's Cuvee Pinot Noir",크랜베리
"프리먼, 아키코 퀴베 피노누아","Freeman, Akiko's Cuvee Pinot Noir",라스베리
"프리먼, 아키코 퀴베 피노누아","Freeman, Akiko's Cuvee Pinot Noir",붉은꽃
"프리먼, 호크힐 샤도네이","Freeman, Hawk Hill Chardonnay",사과
"프리먼, 호크힐 샤도네이","Freeman, Hawk Hill Chardonnay",자몽
"프리먼, 호크힐 샤도네이","Freeman, Hawk Hill Chardonnay",레몬
"프리먼, 호크힐 샤도네이","Freeman, Hawk Hill Chardonnay",복숭아
"프리먼, 호크힐 샤도네이","Freeman, Hawk Hill Chardonnay",아몬드
"프레스코발디, 알리에 로제","Frescobaldi, Alie Rose",장미
"프레스코발디, 알리에 로제","Frescobaldi, Alie Rose",복숭아
"프레스코발디, 카스텔지오콘도 브루넬로 디 몬탈치노","Frescobaldi, Castelgiocondo Brunello di Montalcino",미네랄
"프레스코발디, 카스텔지오콘도 브루넬로 디 몬탈치노","Frescobaldi, Castelgiocondo Brunello di Montalcino",가죽
"프레스코발디, 카스텔지오콘도 브루넬로 디 몬탈치노","Frescobaldi, Castelgiocondo Brunello di Montalcino",오크
"프레스코발디, 카스텔지오콘도 라마이오네","Frescobaldi, Castelgiocondo Lamaione",감초
"프레스코발디, 카스텔지오콘도 라마이오네","Frescobaldi, Castelgiocondo Lamaione",민트
"프레스코발디, 니포짜노 키안티 루피나 몬테소디","Frescobaldi, Nipozzano Chianti Rufina Riserva Montesodi",오크
"프레스코발디, 니포짜노 키안티 루피나 몬테소디","Frescobaldi, Nipozzano Chianti Rufina Riserva Montesodi",꽃
"프레스코발디, 니포짜노 모모레토","Frescobaldi, Nipozzano Mormoreto",자스민
"프레스코발디, 니포짜노 모모레토","Frescobaldi, Nipozzano Mormoreto",블루베리
"프레스코발디, 니포짜노 모모레토","Frescobaldi, Nipozzano Mormoreto",바닐라
"프레스코발디, 테누타 카스틸리오니 지라몬테","Frescobaldi, Tenuta Castiglioni Giramonte",자두
"프레스코발디, 테누타 카스틸리오니 토스카나","Frescobaldi, Tenuta Castiglioni Toscana",배
"가야, 바르바레스코","Gaja, Barbaresco",딸기
"가야, 바르바레스코","Gaja, Barbaresco",오렌지
"가야, 바르바레스코","Gaja, Barbaresco",꽃
"가야, 바르바레스코","Gaja, Barbaresco",석류
"가야, 콘테이사","Gaja, Conteisa",꽃
"가야, 콘테이사","Gaja, Conteisa",감초
"가야, 코스타 루씨","Gaja, Costa Russi",블랙베리
"가야, 로씨 바쓰","Gaja, Rossj Bass",꽃
"가야, 로씨 바쓰","Gaja, Rossj Bass",꿀
"가야, 로씨 바쓰","Gaja, Rossj Bass",감귤
"가야, 소리 틸딘","Gaja, Sori Tildin",토스트
"가야, 소리 틸딘","Gaja, Sori Tildin",삼나무
"가야, 소리 틸딘","Gaja, Sori Tildin",미네랄
"가야, 소리 틸딘","Gaja, Sori Tildin",체리
"자이언트 스텝스, 애플잭빈야드 샤도네이","Giant Steps, Applejack Vineyard Chardonnay",삼나무
"자이언트 스텝스, 애플잭빈야드 샤도네이","Giant Steps, Applejack Vineyard Chardonnay",미네랄
"자이언트 스텝스, 애플잭빈야드 샤도네이","Giant Steps, Applejack Vineyard Chardonnay",아몬드
"자이언트 스텝스, 애플잭빈야드 샤도네이","Giant Steps, Applejack Vineyard Chardonnay",서양배
"자이언트 스텝스, 애플잭빈야드 샤도네이","Giant Steps, Applejack Vineyard Chardonnay",패션프루트
"자이언트 스텝스, 애플잭빈야드 샤도네이","Giant Steps, Applejack Vineyard Chardonnay",오크
"자이언트 스텝스, 애플잭빈야드 샤도네이","Giant Steps, Applejack Vineyard Chardonnay",열대과일
"자이언트 스텝스, 애플잭빈야드 샤도네이","Giant Steps, Applejack Vineyard Chardonnay",배
"자이언트 스텝스, 애플잭빈야드 샤도네이","Giant Steps, Applejack Vineyard Chardonnay",멜론
"자이언트 스텝스, 애플잭빈야드 샤도네이","Giant Steps, Applejack Vineyard Chardonnay",무화과
"자이언트 스텝스, 애플잭빈야드 샤도네이","Giant Steps, Applejack Vineyard Chardonnay",버터
"자이언트 스텝스, 애플잭빈야드 샤도네이","Giant Steps, Applejack Vineyard Chardonnay",파인애플
"자이언트 스텝스, 애플잭빈야드 샤도네이","Giant Steps, Applejack Vineyard Chardonnay",헤이즐넛
"자이언트 스텝스, 섹스톤 빈야드 피노 누아","Giant Steps, Sexton Vineyard Pinot Noir",체리
"자이언트 스텝스, 섹스톤 빈야드 피노 누아","Giant Steps, Sexton Vineyard Pinot Noir",꽃
"자이언트 스텝스, 섹스톤 빈야드 피노 누아","Giant Steps, Sexton Vineyard Pinot Noir",허브
"자이언트 스텝스, 섹스톤 빈야드 피노 누아","Giant Steps, Sexton Vineyard Pinot Noir",정향
"자이언트 스텝스, 섹스톤 빈야드 피노 누아","Giant Steps, Sexton Vineyard Pinot Noir",라스베리
"자이언트 스텝스, 섹스톤 빈야드 피노 누아","Giant Steps, Sexton Vineyard Pinot Noir",레드커런트
"자이언트 스텝스, 섹스톤 빈야드 피노 누아","Giant Steps, Sexton Vineyard Pinot Noir",붉은꽃
"지라드, 까베르네 소비뇽","Girard, Cabernet Sauvignon",가죽
"지라드, 까베르네 소비뇽","Girard, Cabernet Sauvignon",허브
"지울리오 페라리, 리세르바","Giulio Ferrari, Riserva del Fondatore",꿀
"지울리오 페라리, 리세르바","Giulio Ferrari, Riserva del Fondatore",파인애플
"쥬세페 코르테제, 바르바레스코","Giuseppe Cortese, Barbaresco",흙
"쥬세페 코르테제, 바르바레스코","Giuseppe Cortese, Barbaresco",꽃
"쥬세페 코르테제, 바르바레스코","Giuseppe Cortese, Barbaresco",딸기
"쥬세페 코르테제, 바르바레스코 라바야","Giuseppe Cortese, Barbaresco Rabaja",체리
"쥬세페 코르테제, 바르바레스코 라바야","Giuseppe Cortese, Barbaresco Rabaja",배
"쥬세페 코르테제, 바르바레스코 라바야","Giuseppe Cortese, Barbaresco Rabaja",리치
"쥬세페 코르테제, 바르바레스코 라바야","Giuseppe Cortese, Barbaresco Rabaja",감초
"쥬세페 코르테제, 바르바레스코 라바야","Giuseppe Cortese, Barbaresco Rabaja",가죽
고 투 어 '일라운',Go To a 'Iraun',사과
고 투 어 '일라운',Go To a 'Iraun',바닐라
고 투 어 '일라운',Go To a 'Iraun',라임
"그랜드 나파, 마스터 레드","Grand Napa, Master Red",자두
"그랜드 나파, 마스터 레드","Grand Napa, Master Red",꽃
"그랜드 나파, 마스터 레드","Grand Napa, Master Red",타바코
"그랜드 나파, 마스터 레드","Grand Napa, Master Red",레드커런트
"그랜드 나파, 마스터 레드","Grand Napa, Master Red",오크
"그랜드 나파, 마스터 레드","Grand Napa, Master Red",바닐라
"그랜드 나파, 마스터 레드","Grand Napa, Master Red",블랙체리
"그랜드 나파, 마스터 레드","Grand Napa, Master Red",블랙커런트
"그랜드 나파, 마스터 레드","Grand Napa, Master Red",초콜릿
"그랜드 나파, 오크빌 카베르네 소비뇽","Grand Napa, Oakville Cabernet Sauvignon",오크
"그랜드 나파, 오크빌 카베르네 소비뇽","Grand Napa, Oakville Cabernet Sauvignon",꽃
"그랜드 나파, 오크빌 카베르네 소비뇽","Grand Napa, Oakville Cabernet Sauvignon",바닐라
"그랜드 나파, 오크빌 카베르네 소비뇽","Grand Napa, Oakville Cabernet Sauvignon",초콜릿
"그랜드 나파, 오크빌 카베르네 소비뇽","Grand Napa, Oakville Cabernet Sauvignon",블랙커런트
"그랜드 나파, 오크빌 카베르네 소비뇽","Grand Napa, Oakville Cabernet Sauvignon",블랙베리
"그랜드 나파, 오크빌 카베르네 소비뇽","Grand Napa, Oakville Cabernet Sauvignon",삼나무
"그랜드 나파, 오크빌 카베르네 소비뇽","Grand Napa, Oakville Cabernet Sauvignon",라벤더
"그랜드 나파, 오크빌 카베르네 소비뇽","Grand Napa, Oakville Cabernet Sauvignon",블루베리
"그랜드 나파, 오크빌 카베르네 소비뇽","Grand Napa, Oakville Cabernet Sauvignon",후추
"그라티엔 & 메이어, 끌레망 드 루아르 브뤼","Gratien & Meyer, Cremant de Loire Brut",라임
"그라티엔 & 메이어, 끌레망 드 루아르 브뤼","Gratien & Meyer, Cremant de Loire Brut",아몬드
"그라티엔 & 메이어, 끌레망 드 루아르 브뤼","Gratien & Meyer, Cremant de Loire Brut",꿀
"그로브 밀, 소비뇽 블랑","Grove Mill, Sauvignon Blanc",배
"하멜 패밀리 와인스, 이스무스","Hamel Family Wines, Isthmus",블루베리
"하멜 패밀리 와인스, 이스무스","Hamel Family Wines, Isthmus",오크
"하멜 패밀리 와인스, 이스무스","Hamel Family Wines, Isthmus",다크초콜릿
"하멜 패밀리 와인스, 이스무스","Hamel Family Wines, Isthmus",초콜릿
"하멜 패밀리 와인스, 이스무스","Hamel Family Wines, Isthmus",블랙커런트
"하멜 패밀리 와인스, 이스무스","Hamel Family Wines, Isthmus",블랙체리
"하멜 패밀리 와인스, 이스무스","Hamel Family Wines, Isthmus",삼나무
"하멜 패밀리 와인스, 이스무스","Hamel Family Wines, Isthmus",자두
"하멜 패밀리 와인스, 이스무스","Hamel Family Wines, Isthmus",블랙베리
"하멜 패밀리 와인스, 이스무스","Hamel Family Wines, Isthmus",미네랄
"하멜 패밀리 와인스, 이스무스","Hamel Family Wines, Isthmus",바닐라
"하멜 패밀리 와인스, 이스무스","Hamel Family Wines, Isthmus",제비꽃
"하이츠 셀라, Lot C-91 카베르네 소비뇽","Heitz Cellar, Lot C-91 Cabernet Sauvignon",미네랄
"하이츠 셀라, Lot C-91 카베르네 소비뇽","Heitz Cellar, Lot C-91 Cabernet Sauvignon",오크
"후버, 리슬링 엔젤스베르크","Huber, Riesling Engelsberg",타르
"후버, 리슬링 엔젤스베르크","Huber, Riesling Engelsberg",꽃
"허드슨 빈야드, 카네로스 샤도네이","Hudson Vineyards, Carneros Chardonnay",살구
"휴 해밀턴, 에이전트 프로바케터","Hugh Hamilton, Agent Provocateur",체리
"휴 해밀턴, 에이전트 프로바케터","Hugh Hamilton, Agent Provocateur",장미
"휴 해밀턴, 에이전트 프로바케터","Hugh Hamilton, Agent Provocateur",크림
"휴 해밀턴, 에이전트 프로바케터","Hugh Hamilton, Agent Provocateur",바닐라
"휴 해밀턴, 에이전트 프로바케터","Hugh Hamilton, Agent Provocateur",타임
"위레 프레르, 떼르 나딸 엑스트라 브뤼","Hure Freres, Terre Natal Extra Brut",복숭아
"일 보로, 로제 델 보로","Il Borro, Rose del Borro",체리
"일 보로, 로제 델 보로","Il Borro, Rose del Borro",미네랄
"일 보로, 로제 델 보로","Il Borro, Rose del Borro",크랜베리
"일 보로, 로제 델 보로","Il Borro, Rose del Borro",열대과일
"일 보로, 로제 델 보로","Il Borro, Rose del Borro",흰꽃
"이노바투스, 카베르네 소비뇽 나파밸리","Innovatus, Cabernet Sauvignon Napa Valley",모카
"이노바투스, 카베르네 소비뇽 나파밸리","Innovatus, Cabernet Sauvignon Napa Valley",세이지
"이노바투스, 카베르네 소비뇽 나파밸리","Innovatus, Cabernet Sauvignon Napa Valley",바닐라
"이노바투스, 카베르네 소비뇽 나파밸리","Innovatus, Cabernet Sauvignon Napa Valley",흑연
"이스티네, 키안티 클라시코","Istine, Chianti Classico",로즈마리
"이스티네, 키안티 클라시코","Istine, Chianti Classico",시나몬
"이스티네, 키안티 클라시코","Istine, Chianti Classico",체리
"이스티네, 키안티 클라시코","Istine, Chianti Classico",자두
"이스티네, 키안티 클라시코 리제르바 '레비녜'","Istine, Chianti Classico Riserva 'Levigne'",타바코
"이스티네, 키안티 클라시코 리제르바 '레비녜'","Istine, Chianti Classico Riserva 'Levigne'",유칼립투스
"이스티네, 키안티 클라시코 리제르바 '레비녜'","Istine, Chianti Classico Riserva 'Levigne'",가죽
"이스티네, 키안티 클라시코 리제르바 '레비녜'","Istine, Chianti Classico Riserva 'Levigne'",감초
"이스티네, 키안티 클라시코 리제르바 '레비녜'","Istine, Chianti Classico Riserva 'Levigne'",미네랄
"이스티네, 키안티 클라시코 리제르바 '레비녜'","Istine, Chianti Classico Riserva 'Levigne'",자두
제이 윌크스 까베르네 소비뇽,J.Wilkes Cabernet Sauvignon,무화과
제이 윌크스 까베르네 소비뇽,J.Wilkes Cabernet Sauvignon,잼
"잼 셀러즈, 버터 샤도네이 캘리포니아","JaM Cellars, Butter Chardonnay California",바닐라
"잼 셀러즈, 버터 샤도네이 캘리포니아","JaM Cellars, Butter Chardonnay California",오크
"쟝 마크 브와이요, 풀리니 몽라쉐","Jean Marc Boilllot, Puligny Montrachet",시트러스
"쟝 마크 브와이요, 풀리니 몽라쉐","Jean Marc Boilllot, Puligny Montrachet",크림
"쟝 마크 브와이요, 풀리니 몽라쉐","Jean Marc Boilllot, Puligny Montrachet",파인애플
"조셉 칼, 카베르네 소비뇽","Joseph Carr, Cabernet Sauvignon",블랙베리
"조셉 칼, 샤도네이","Joseph Carr, Chardonnay",복숭아
"조셉 칼, 샤도네이","Joseph Carr, Chardonnay",아몬드
"조셉 칼, 샤도네이","Joseph Carr, Chardonnay",바닐라
"조셉 칼, 샤도네이","Joseph Carr, Chardonnay",오크
"조셉 페리에, 뀌베 로얄 브뤼","Joseph Perrier, Cuvee Royal Brut",바닐라
"조셉 페리에, 뀌베 로얄 브뤼","Joseph Perrier, Cuvee Royal Brut",배
"조셉 페리에, 뀌베 로얄 뀌베 조세핀","Joseph Perrier, Cuvee Royal Cuvee Josephin",바닐라
"조셉 페리에, 뀌베 로얄 뀌베 조세핀","Joseph Perrier, Cuvee Royal Cuvee Josephin",꽃
"조셉 페리에, 뀌베 로얄 뀌베 조세핀","Joseph Perrier, Cuvee Royal Cuvee Josephin",파인애플
"조쉬, 카베르네 소비뇽","Josh, Cabernet Sauvignon",오크
"조쉬, 카베르네 소비뇽","Josh, Cabernet Sauvignon",배
"조쉬, 샤르도네","Josh, Chardonnay",열대과일
"조쉬, 샤르도네","Josh, Chardonnay",오크
"조쉬, 샤르도네","Josh, Chardonnay",꿀
"조쉬, 샤르도네","Josh, Chardonnay",복숭아
"조쉬, 노스 코스트 리저브 샤르도네","Josh, North Coast Reserve Chardonnay",오크
"조쉬, 노스 코스트 리저브 샤르도네","Josh, North Coast Reserve Chardonnay",바닐라
"조쉬, 노스 코스트 리저브 샤르도네","Josh, North Coast Reserve Chardonnay",복숭아
"켄 라이트 셀러즈, 오릭 피노 누아","Ken Wright Cellars, Auric Pinot Noir",흰꽃
"켄 라이트 셀러즈, 오릭 피노 누아","Ken Wright Cellars, Auric Pinot Noir",블랙체리
"켄 라이트 셀러즈, 오릭 피노 누아","Ken Wright Cellars, Auric Pinot Noir",감초
"켄 라이트 셀러즈, 오릭 피노 누아","Ken Wright Cellars, Auric Pinot Noir",바닐라
"켄 라이트 셀러즈, 오릭 피노 누아","Ken Wright Cellars, Auric Pinot Noir",블루베리
"켄 라이트 셀러즈, 오릭 피노 누아","Ken Wright Cellars, Auric Pinot Noir",체리
"켄 라이트 셀러즈, 피노 누아","Ken Wright Cellars, Pinot Noir",체리
"켄 라이트 셀러즈, 피노 누아","Ken Wright Cellars, Pinot Noir",장미
"켄 라이트 셀러즈, 피노 누아","Ken Wright Cellars, Pinot Noir",크림
"캔우드, 더 반 피노누아","Kenwood, The Barn Pinot Noir",자두
"캔우드, 더 반 피노누아","Kenwood, The Barn Pinot Noir",체리
"캔우드, 더 반 피노누아","Kenwood, The Barn Pinot Noir",코코아
"코코모, 진판델 드라이 크릭 밸리","Kokomo, Zinfandel Dry Creek Valley",자두
"코코모, 진판델 드라이 크릭 밸리","Kokomo, Zinfandel Dry Creek Valley",허브
"레꼴 No 41, 슈냉 블랑 올드 바인","L'Ecole No 41, Chenin Blanc Old Vines",미네랄
"레꼴 No 41, 슈냉 블랑 올드 바인","L'Ecole No 41, Chenin Blanc Old Vines",꽃
"레꼴 No 41, 슈냉 블랑 올드 바인","L'Ecole No 41, Chenin Blanc Old Vines",패션프루트
"레꼴 No 41, 콜럼비아 밸리 샤도네이","L'Ecole No 41, Columbia Valley Chardonnay",오크
"레꼴 No 41, 콜럼비아 밸리 샤도네이","L'Ecole No 41, Columbia Valley Chardonnay",패션프루트
"레꼴 No 41, 콜럼비아 밸리 샤도네이","L'Ecole No 41, Columbia Valley Chardonnay",서양배
"레꼴 No 41, 콜럼비아 밸리 샤도네이","L'Ecole No 41, Columbia Valley Chardonnay",열대과일
"레꼴 No 41, 콜럼비아 밸리 샤도네이","L'Ecole No 41, Columbia Valley Chardonnay",바닐라
"레꼴 No 41, 콜럼비아 밸리 샤도네이","L'Ecole No 41, Columbia Valley Chardonnay",미네랄
"레꼴 No 41, 콜럼비아 밸리 샤도네이","L'Ecole No 41, Columbia Valley Chardonnay",배
"레꼴 No 41, 콜럼비아 밸리 샤도네이","L'Ecole No 41, Columbia Valley Chardonnay",멜론
"라 크레마, 러시안 리버 밸리 피노 누아","La Crema, Russian River Valley Pinot Noir",삼나무
"라 크레마, 소노마 코스트 피노 누아","La Crema, Sonoma Coast Pinot Noir",체리
"라 크레마, 소노마 코스트 피노 누아","La Crema, Sonoma Coast Pinot Noir",토스트
"라 크레마, 소노마 코스트 피노 누아","La Crema, Sonoma Coast Pinot Noir",타바코
"라 포데리나, 로쏘 디 몬탈치노","La Poderina, Rosso di Montalcino",바닐라
"라 포데리나, 로쏘 디 몬탈치노","La Poderina, Rosso di Montalcino",체리
"라 스피네따, 키안티 리제르바","La Spinetta, Chianti Riserva",미네랄
"라 스피네따, 키안티 리제르바","La Spinetta, Chianti Riserva",자두
"레일 빈야드, 블루 프린트 나파 밸리 소비뇽 블랑","Lail Vineyards, Blue Print Napa Valley Sauvignon Blanc",꽃
"레일 빈야드, 블루 프린트 나파 밸리 소비뇽 블랑","Lail Vineyards, Blue Print Napa Valley Sauvignon Blanc",허브
"레일 빈야드, 블루 프린트 나파 밸리 소비뇽 블랑","Lail Vineyards, Blue Print Napa Valley Sauvignon Blanc",멜론
"라포스톨, 뀌베 알렉상드르 까베르네 소비뇽","Lapostolle, Cuvee Alexandre Cabernet Sauvignon",체리
"라포스톨, 라 팔셀 8","Lapostolle, La Parcelle 8",오크
"라포스톨, 라 팔셀 8","Lapostolle, La Parcelle 8",허브
"로랑 페리에, 뀌베 로제 브뤼","Laurent Perrier, Cuvee Rose Brut",배
"로랑 페리에, 그랑 시에클","Laurent Perrier, Grand Siecle",아몬드
"로랑 페리에, 그랑 시에클","Laurent Perrier, Grand Siecle",꿀
"로랑 페리에, 하모니 드미 섹","Laurent Perrier, Harmony Demi Sec",토스트
"로랑 페리에, 하모니 드미 섹","Laurent Perrier, Harmony Demi Sec",꿀
"로랑 페리에, 라 뀌베 브뤼","Laurent Perrier, La Cuvee Brut",복숭아
"로랑 페리에, 빈티지 브뤼","Laurent Perrier, Vintage Brut",미네랄
"리비오 펠루가, 테레 알테","Livio Felluga, Terre Alte",시트러스
"로렌조 데 아그렐로, 로벤디토 말벡","Lorenzo de Agrelo, LoBendito Malbec",삼나무
"로렌조 데 아그렐로, 로벤디토 말벡","Lorenzo de Agrelo, LoBendito Malbec",자두
"로르나노, 키안티 클라시코 그란 셀레지오네","Lornano, Chianti Classico Gran Selezione",자두
"로르나노, 키안티 클라시코 레제르바 '레 반디트'","Lornano, Chianti Classico Reserva 'Le Bandite'",잼
"로르나노, 키안티 클라시코 레제르바 '레 반디트'","Lornano, Chianti Classico Reserva 'Le Bandite'",체리
"로르나노, 키안티 클라시코 레제르바 '레 반디트'","Lornano, Chianti Classico Reserva 'Le Bandite'",미네랄
"로르나노, 키안티 클라시코 레제르바 '레 반디트'","Lornano, Chianti Classico Reserva 'Le Bandite'",초콜릿
"로스 바스코스, 카베르네 쇼비뇽","Los Vascos, Cabernet Sauvignon",자두
"로스 바스코스, 카베르네 쇼비뇽","Los Vascos, Cabernet Sauvignon",코코아
"로스 바스코스, 샤도네이","Los Vascos, Chardonnay",라임
"로스 바스코스, 샤도네이","Los Vascos, Chardonnay",헤이즐넛
"로스 바스코스, 크로마스 까베르네 소비뇽","Los Vascos, Cromas Cabernet Sauvignon",꽃
"로스 바스코스, 크로마스 까베르네 소비뇽","Los Vascos, Cromas Cabernet Sauvignon",흑연
"로스 바스코스, 크로마스 까베르네 소비뇽","Los Vascos, Cromas Cabernet Sauvignon",타바코
"로스 바스코스, 크로마스 까르미네르","Los Vascos, Cromas Carmenere",자두
"로스 바스코스, 크로마스 까르미네르","Los Vascos, Cromas Carmenere",체리
"로스 바스코스, 크로마스 까르미네르","Los Vascos, Cromas Carmenere",후추
"로스 바스코스, 크로마스 까르미네르","Los Vascos, Cromas Carmenere",허브
"로스 바스코스, 크로마스 까르미네르","Los Vascos, Cromas Carmenere",오크
"로스 바스코스, 르 디스","Los Vascos, Le Dix",오크
"로스 바스코스, 르 디스","Los Vascos, Le Dix",체리
"로스 바스코스, 르 디스","Los Vascos, Le Dix",자두
"로스 바스코스, 로제","Los Vascos, Rose",시트러스
"로스 바스코스, 로제","Los Vascos, Rose",딸기
"로스 바스코스, 소비뇽 블랑","Los Vascos, Sauvignon Blanc",리치
"로스 바스코스, 소비뇽 블랑","Los Vascos, Sauvignon Blanc",감귤
"로스 바스코스, 소비뇽 블랑","Los Vascos, Sauvignon Blanc",후추
"루이 마티니, 로트 넘버 원 까베르네 소비뇽","Louis M. Martini, Napa Valley Lot No.1 Cabernet Sauvignon",배
"루이 마티니, 로트 넘버 원 까베르네 소비뇽","Louis M. Martini, Napa Valley Lot No.1 Cabernet Sauvignon",체리
"루이 로드레, 크리스탈","Louis Roederer, Cristal",망고
"루이 로드레, 크리스탈","Louis Roederer, Cristal",오크
"엠 샤푸티에, 데샹트 생 조셉 '아티스트 레이블'","M. Chapoutier, Deschants Saint Joseph",감초
"엠 샤푸티에, 데샹트 생 조셉 '아티스트 레이블'","M. Chapoutier, Deschants Saint Joseph",꽃
"엠 샤푸티에, 데샹트 생 조셉 '아티스트 레이블'","M. Chapoutier, Deschants Saint Joseph",배
"엠 샤푸티에, 지공다스","M. Chapoutier, Gigondas",꽃
"엠 샤푸티에, 지공다스","M. Chapoutier, Gigondas",후추
"엠 샤푸티에, 지공다스","M. Chapoutier, Gigondas",딸기
"엠 샤푸티에, 지공다스","M. Chapoutier, Gigondas",잼
"메종 까밀 지로, 부르고뉴 샤도네이","Maison Camille Giroud, Bourgogne Chardonnay",미네랄
"메종 까밀 지로, 부르고뉴 샤도네이","Maison Camille Giroud, Bourgogne Chardonnay",시트러스
"메종 까밀 지로, 샤샤뉴 몽라쉐 프리미에 크뤼 레 베르제","Maison Camille Giroud, Chassagne Montrachet 1er Cru Les Vergers",열대과일
"메종 까밀 지로, 샤샤뉴 몽라쉐 프리미에 크뤼 레 베르제","Maison Camille Giroud, Chassagne Montrachet 1er Cru Les Vergers",시트러스
"말도나도, 로스 올리보스 샤도네이","Maldonado, Los Olivos VIneyard Chardonnay",미네랄
"말도나도, 로스 올리보스 샤도네이","Maldonado, Los Olivos VIneyard Chardonnay",오크
"말도나도, 로스 올리보스 샤도네이","Maldonado, Los Olivos VIneyard Chardonnay",구아바
"말도나도, 파 빈야드 샤도네이","Maldonado, Parr Vineyard, Chardonnay",브리오슈
"말도나도, 파 빈야드 샤도네이","Maldonado, Parr Vineyard, Chardonnay",바닐라
"말도나도, 파 빈야드 샤도네이","Maldonado, Parr Vineyard, Chardonnay",멜론
"마퀴스, 그랑 리제르바 까베르네 소비뇽","Maquis, Gran Reserva Cabernet Sauvignon",오크
"마퀴스, 그랑 리제르바 까베르네 소비뇽","Maquis, Gran Reserva Cabernet Sauvignon",바닐라
"마퀴스, 그랑 리제르바 까베르네 소비뇽","Maquis, Gran Reserva Cabernet Sauvignon",자두
"마퀴스, 그랑 리제르바 로제","Maquis, Gran Reserva Rose",배
"마퀴스, 리엔","Maquis, Lien",꽃
"마퀴스, 리엔","Maquis, Lien",로즈마리
"마르 데 프라데스, 알바리뇨 아틀란티코","Mar de Frades, Albarino Atlantico",자스민
"마르 데 프라데스, 알바리뇨 아틀란티코","Mar de Frades, Albarino Atlantico",레몬
"마르 데 프라데스, 알바리뇨 아틀란티코","Mar de Frades, Albarino Atlantico",미네랄
"마르 데 프라데스, 알바리뇨 아틀란티코","Mar de Frades, Albarino Atlantico",꽃
"마르 데 프라데스, 알바리뇨 아틀란티코","Mar de Frades, Albarino Atlantico",허브
"마르 데 프라데스, 알바리뇨 아틀란티코","Mar de Frades, Albarino Atlantico",제비꽃
"마르 데 프라데스, 알바리뇨 아틀란티코","Mar de Frades, Albarino Atlantico",살구
"마르 데 프라데스, 알바리뇨 아틀란티코","Mar de Frades, Albarino Atlantico",망고
마르셀 다이스 알텐베르그 드 베르그하임 그랑 크뤼,Marcel Deiss Altenberg de Bergheim Grand Cru,꿀
마르셀 다이스 알텐베르그 드 베르그하임 그랑 크뤼,Marcel Deiss Altenberg de Bergheim Grand Cru,복숭아
마르셀 다이스 알텐베르그 드 베르그하임 그랑 크뤼,Marcel Deiss Altenberg de Bergheim Grand Cru,미네랄
마르셀 다이스 알텐베르그 드 베르그하임 그랑 크뤼,Marcel Deiss Altenberg de Bergheim Grand Cru,레몬
마르셀 다이스 알텐베르그 드 베르그하임 그랑 크뤼,Marcel Deiss Altenberg de Bergheim Grand Cru,리치
마르셀 다이스 알텐베르그 드 베르그하임 그랑 크뤼,Marcel Deiss Altenberg de Bergheim Grand Cru,아카시아
"마리마, 라 마시아 샤도네이","Marimar, La Masia Chardonnay",레몬
"마리마, 라 마시아 샤도네이","Marimar, La Masia Chardonnay",꽃
"마리마, 라 마시아 샤도네이","Marimar, La Masia Chardonnay",멜론
"마리마, 라 마시아 샤도네이","Marimar, La Masia Chardonnay",사과
마르따스 파인 루비 포트,Martha's Fine Ruby Port,자두
마르따스 파인 토니 포트,Martha's Fine Tawny Port,오크
마르따스 파인 토니 포트,Martha's Fine Tawny Port,배
"마시, 브롤로 캄포피오린 오로","Masi, Brolo Campofiorin Oro",체리
"마시, 브롤로 캄포피오린 오로","Masi, Brolo Campofiorin Oro",자두
"마시, 브롤로 캄포피오린 오로","Masi, Brolo Campofiorin Oro",건포도
"마스트로베라르디노, 라디치 타우라시","Mastroberardino, Radici Taurasi",체리
"마스트로베라르디노, 라디치 타우라시","Mastroberardino, Radici Taurasi",레드커런트
"마스트로베라르디노, 라디치 타우라시","Mastroberardino, Radici Taurasi",잼
"마스트로베라르디노, 라디치 타우라시","Mastroberardino, Radici Taurasi",시나몬
"마스트로베라르디노, 라디치 타우라시","Mastroberardino, Radici Taurasi",제비꽃
"마스트로베라르디노, 라디치 타우라시","Mastroberardino, Radici Taurasi",감초
"마스트로베라르디노, 라디치 타우라시","Mastroberardino, Radici Taurasi",자두
"마스트로베라르디노, 라디치 타우라시","Mastroberardino, Radici Taurasi",바닐라
"마스트로베라르디노, 라디치 타우라시","Mastroberardino, Radici Taurasi",꽃
"메이오미, 피노 누아","Meiomi, Pinot Noir",토스트
"메이오미, 피노 누아","Meiomi, Pinot Noir",잼
"멜카, 메케라 나이츠 밸리 레드","Melka, Mekerra Knights Valley Red",가죽
"멜카, 메케라 나이츠 밸리 레드","Melka, Mekerra Knights Valley Red",타르
"멜카, 메케라 나이츠 밸리 레드","Melka, Mekerra Knights Valley Red",후추
"멜카, 메케라 나이츠 밸리 레드","Melka, Mekerra Knights Valley Red",배
"멜카, 메티스 점핑고트 빈야드 나파 밸리","Melka, Metisse Jumping Goat Vineyard Napa Valley",초콜릿
"멜카, 메티스 점핑고트 빈야드 나파 밸리","Melka, Metisse Jumping Goat Vineyard Napa Valley",체리
"멜카, 메티스 마티네즈 빈야드 나파 밸리","Melka, Metisse Marinez Vineyard Napa Valley",토스트
"멜카, 메티스 마티네즈 빈야드 나파 밸리","Melka, Metisse Marinez Vineyard Napa Valley",타르
"메리 에드워즈, 피노 누아 러시안 리버 밸리","Merry Edwards, Pinot Noir Russian River Valley",체리
"메리 에드워즈, 피노 누아 러시안 리버 밸리","Merry Edwards, Pinot Noir Russian River Valley",꽃
"메리 에드워즈, 피노 누아 러시안 리버 밸리","Merry Edwards, Pinot Noir Russian River Valley",흙
"메리 에드워즈, 피노 누아 러시안 리버 밸리","Merry Edwards, Pinot Noir Russian River Valley",블루베리
"메리 에드워즈, 피노 누아 러시안 리버 밸리","Merry Edwards, Pinot Noir Russian River Valley",크랜베리
"메리 에드워즈, 피노 누아 러시안 리버 밸리","Merry Edwards, Pinot Noir Russian River Valley",제비꽃
"메리 에드워즈, 피노 누아 러시안 리버 밸리","Merry Edwards, Pinot Noir Russian River Valley",버섯
"메리 에드워즈, 피노 누아 러시안 리버 밸리","Merry Edwards, Pinot Noir Russian River Valley",홍차
"메리 에드워즈, 소비뇽 블랑 러시안 리버 밸리","Merry Edwards, Sauvignon Blanc Russian River Valley",삼나무
"메리 에드워즈, 소비뇽 블랑 러시안 리버 밸리","Merry Edwards, Sauvignon Blanc Russian River Valley",레몬
"메리 에드워즈, 소비뇽 블랑 러시안 리버 밸리","Merry Edwards, Sauvignon Blanc Russian River Valley",자스민
"메리 에드워즈, 소비뇽 블랑 러시안 리버 밸리","Merry Edwards, Sauvignon Blanc Russian River Valley",망고
"메리 에드워즈, 소비뇽 블랑 러시안 리버 밸리","Merry Edwards, Sauvignon Blanc Russian River Valley",꽃
"메리 에드워즈, 소비뇽 블랑 러시안 리버 밸리","Merry Edwards, Sauvignon Blanc Russian River Valley",멜론
"메리 에드워즈, 소비뇽 블랑 러시안 리버 밸리","Merry Edwards, Sauvignon Blanc Russian River Valley",바나나
"메리 에드워즈, 소비뇽 블랑 러시안 리버 밸리","Merry Edwards, Sauvignon Blanc Russian River Valley",파인애플
"메리 에드워즈, 소비뇽 블랑 러시안 리버 밸리","Merry Edwards, Sauvignon Blanc Russian River Valley",열대과일
"메리 에드워즈, 소비뇽 블랑 러시안 리버 밸리","Merry Edwards, Sauvignon Blanc Russian River Valley",백합
"메리 에드워즈, 소비뇽 블랑 러시안 리버 밸리","Merry Edwards, Sauvignon Blanc Russian River Valley",구아바
"메리 에드워즈, 소비뇽 블랑 러시안 리버 밸리","Merry Edwards, Sauvignon Blanc Russian River Valley",꿀
"메리 에드워즈, 소비뇽 블랑 러시안 리버 밸리","Merry Edwards, Sauvignon Blanc Russian River Valley",오크
"미 떼루노, 아이코노","Mi Terruno, Icono",바닐라
"미 떼루노, 아이코노","Mi Terruno, Icono",유칼립투스
"미 떼루노, 아이코노","Mi Terruno, Icono",오크
"미 떼루노, 마야카바 말벡","Mi Terruno, Mayacaba Malbec",바닐라
"미쉘 린치, 보르도 화이트 오가닉","Michel Lynch, Bordeaux White Organic",헤이즐넛
"미쉘 린치, 보르도 화이트 오가닉","Michel Lynch, Bordeaux White Organic",복숭아
"미쉘 린치, 보르도 화이트 오가닉","Michel Lynch, Bordeaux White Organic",리치
"미쉘 린치, 보르도 화이트 오가닉","Michel Lynch, Bordeaux White Organic",꽃
"미쉘 린치, 보르도 화이트 오가닉","Michel Lynch, Bordeaux White Organic",바닐라
"미켈레 끼아를로, 치프레시 니짜","Michele Chiarlo, Cipressi Nizza",배
"미켈레 끼아를로, 치프레시 니짜","Michele Chiarlo, Cipressi Nizza",감초
"마일즈 프롬 노웨어, 쉬라즈","Miles from Nowhere, Shiraz",블루베리
"마일즈 프롬 노웨어, 쉬라즈","Miles from Nowhere, Shiraz",리치
"밀러 패밀리, 옵틱 비엔 나시도 빈야드 샤르도네 블록 넘버 11D3","Miller family, Optik Bien Nacido Vineyard Chardonnay Block No. 11D3",버터
"밀러 패밀리, 옵틱 비엔 나시도 빈야드 샤르도네 블록 넘버 11D3","Miller family, Optik Bien Nacido Vineyard Chardonnay Block No. 11D3",크림
"밀러 패밀리, 옵틱 비엔 나시도 빈야드 샤르도네 블록 넘버 11D3","Miller family, Optik Bien Nacido Vineyard Chardonnay Block No. 11D3",바닐라
"밀러 패밀리, 옵틱 비엔 나시도 빈야드 샤르도네 블록 넘버 I1","Miller family, Optik Bien Nacido Vineyard Chardonnay Block No. I1",오크
"밀러 패밀리, 옵틱 비엔 나시도 빈야드 샤르도네 블록 넘버 I1","Miller family, Optik Bien Nacido Vineyard Chardonnay Block No. I1",멜론
"밀러 패밀리, 옵틱 비엔 나시도 빈야드 샤르도네 블록 넘버 I1","Miller family, Optik Bien Nacido Vineyard Chardonnay Block No. I1",미네랄
"밀러 패밀리, 옵틱 비엔 나시도 빈야드 피노누아 블록 넘버 42A","Miller family, Optik Bien Nacido Vineyard Pinot Noir Block No. 42A",타바코
"밀러 패밀리, 옵틱 비엔 나시도 빈야드 피노누아 블록 넘버 42A","Miller family, Optik Bien Nacido Vineyard Pinot Noir Block No. 42A",버섯
"밀러 패밀리, 옵틱 비엔 나시도 빈야드 피노누아 블록 넘버 42A","Miller family, Optik Bien Nacido Vineyard Pinot Noir Block No. 42A",라벤더
"밀러 패밀리, 옵틱 비엔 나시도 빈야드 피노누아 블록 넘버 42A","Miller family, Optik Bien Nacido Vineyard Pinot Noir Block No. 42A",미네랄
"마이너, 나파밸리 샤도네이","Miner, Napa Valley Chardonnay",사과
"마이너, 나파밸리 샤도네이","Miner, Napa Valley Chardonnay",오크
"마이너, 나파밸리 샤도네이","Miner, Napa Valley Chardonnay",멜론
"마이너, 나파밸리 샤도네이","Miner, Napa Valley Chardonnay",후추
"몬테 델 프라, 까델마그로 쿠스토자 수페리오레","Monte del Fra, Ca del Magro Custoza Superiore",미네랄
"몬테 델 프라, 까델마그로 쿠스토자 수페리오레","Monte del Fra, Ca del Magro Custoza Superiore",망고
"몬테 델 프라, 까델마그로 쿠스토자 수페리오레","Monte del Fra, Ca del Magro Custoza Superiore",꽃
"몬테 델 프라, 까델마그로 쿠스토자 수페리오레","Monte del Fra, Ca del Magro Custoza Superiore",생강
"몬테스 알파, 카베르네 소비뇽","Montes Alpha, Cabernet Sauvignon",민트
"몬테스 알파, 카베르네 소비뇽","Montes Alpha, Cabernet Sauvignon",바닐라
"몬테스 알파, 카베르네 소비뇽","Montes Alpha, Cabernet Sauvignon",블랙커런트
"몬테스 알파, 피노 누아","Montes Alpha, Pinot Noir",육두구
"몬테스 알파, 피노 누아","Montes Alpha, Pinot Noir",제비꽃
"몬테스 알파, 피노 누아","Montes Alpha, Pinot Noir",블루베리
"몬테스 알파, 피노 누아","Montes Alpha, Pinot Noir",딸기
"몬테스 알파, 피노 누아","Montes Alpha, Pinot Noir",꽃
"몬테스 알파, 피노 누아","Montes Alpha, Pinot Noir",블랙체리
"몬테스 알파, 피노 누아","Montes Alpha, Pinot Noir",오크
"몬테스 알파, 피노 누아","Montes Alpha, Pinot Noir",시나몬
"몬테베르티네, 몬테베르티네","Montevertine, Montevertine",체리
"몬테베르티네, 페르골레 토르테","Montevertine, Pergole Torte",감초
"몬테베르티네, 페르골레 토르테","Montevertine, Pergole Torte",블루베리
"몬테베르티네, 페르골레 토르테","Montevertine, Pergole Torte",장미
"몽그라스, 안투 카베르네 소비뇽 호랑이띠 라벨 한정판","Montgras, Antu Cabernet Sauvignon Limited Edition the Year of Tiger",바닐라
"몽그라스, 안투 카베르네 소비뇽 호랑이띠 라벨 한정판","Montgras, Antu Cabernet Sauvignon Limited Edition the Year of Tiger",토스트
"몽그라스, 안투 카베르네 소비뇽 호랑이띠 라벨 한정판","Montgras, Antu Cabernet Sauvignon Limited Edition the Year of Tiger",자두
"몽그라스, 안투 카베르네 소비뇽 호랑이띠 라벨 한정판","Montgras, Antu Cabernet Sauvignon Limited Edition the Year of Tiger",삼나무
"몽그라스, 안투 시라 호랑이띠 라벨 한정판","Montgras, Antu Syrah Limited Edition the Year of Tiger",바닐라
"몽그라스, 안투 시라 호랑이띠 라벨 한정판","Montgras, Antu Syrah Limited Edition the Year of Tiger",건초
"몽그라스, 안투 시라 호랑이띠 라벨 한정판","Montgras, Antu Syrah Limited Edition the Year of Tiger",오크
"모란데, 그랑 리제르바 샤르도네","Morande, Gran Reserva Chardonnay",바닐라
"모란데, 그랑 리제르바 샤르도네","Morande, Gran Reserva Chardonnay",파파야
"무똥 까데, 리저브 뽀이약","Mouton Cadet, Reserve Pauillac",바닐라
"무똥 까데, 리저브 뽀이약","Mouton Cadet, Reserve Pauillac",배
"무똥 까데, 리저브 뽀이약","Mouton Cadet, Reserve Pauillac",미네랄
"노이도르프, 홈 블럭 모우테레 샤르도네","Neudorf, Home Block Moutere Chardonnay",서양배
"노이도르프, 홈 블럭 모우테레 샤르도네","Neudorf, Home Block Moutere Chardonnay",흰꽃
"노이도르프, 홈 블럭 모우테레 샤르도네","Neudorf, Home Block Moutere Chardonnay",열대과일
"노이도르프, 홈 블럭 모우테레 샤르도네","Neudorf, Home Block Moutere Chardonnay",허브
"노이도르프, 홈 블럭 모우테레 샤르도네","Neudorf, Home Block Moutere Chardonnay",배
"노이도르프, 홈 블럭 모우테레 샤르도네","Neudorf, Home Block Moutere Chardonnay",미네랄
"노이도르프, 홈 블럭 모우테레 샤르도네","Neudorf, Home Block Moutere Chardonnay",복숭아
"노이도르프, 홈 블럭 모우테레 피노 누아","Neudorf, Home Block Moutere Pinot Noir",블랙체리
"노이도르프, 홈 블럭 모우테레 피노 누아","Neudorf, Home Block Moutere Pinot Noir",가죽
"노이도르프, 홈 블럭 모우테레 피노 누아","Neudorf, Home Block Moutere Pinot Noir",커피
"노이도르프, 홈 블럭 모우테레 피노 누아","Neudorf, Home Block Moutere Pinot Noir",미네랄
"노이도르프, 홈 블럭 모우테레 피노 누아","Neudorf, Home Block Moutere Pinot Noir",블랙베리
"노이도르프, 홈 블럭 모우테레 피노 누아","Neudorf, Home Block Moutere Pinot Noir",타바코
"노이도르프, 홈 블럭 모우테레 피노 누아","Neudorf, Home Block Moutere Pinot Noir",다크초콜릿
"노이도르프, 홈 블럭 모우테레 피노 누아","Neudorf, Home Block Moutere Pinot Noir",라스베리
"노이도르프, 홈 블럭 모우테레 피노 누아","Neudorf, Home Block Moutere Pinot Noir",붉은꽃
"노이도르프, 로지스 블럭 모우테레 샤르도네","Neudorf, Rosie's Block Moutere Chardonnay",사과
"노이도르프, 로지스 블럭 모우테레 샤르도네","Neudorf, Rosie's Block Moutere Chardonnay",서양배
"노이도르프, 로지스 블럭 모우테레 샤르도네","Neudorf, Rosie's Block Moutere Chardonnay",허브
"노이도르프, 로지스 블럭 모우테레 샤르도네","Neudorf, Rosie's Block Moutere Chardonnay",시트러스
"노이도르프, 로지스 블럭 모우테레 샤르도네","Neudorf, Rosie's Block Moutere Chardonnay",미네랄
"노이도르프, 로지스 블럭 모우테레 샤르도네","Neudorf, Rosie's Block Moutere Chardonnay",부싯돌
"노이도르프, 티리티리 샤르도네","Neudorf, Tiritiri Chardonnay",복숭아
"노이도르프, 티리티리 샤르도네","Neudorf, Tiritiri Chardonnay",미네랄
"노이도르프, 티리티리 샤르도네","Neudorf, Tiritiri Chardonnay",시트러스
"노이도르프, 티리티리 샤르도네","Neudorf, Tiritiri Chardonnay",꽃
"노이도르프, 티리티리 샤르도네","Neudorf, Tiritiri Chardonnay",허브
"노이도르프, 티리티리 샤르도네","Neudorf, Tiritiri Chardonnay",오크
"노이도르프, 티리티리 샤르도네","Neudorf, Tiritiri Chardonnay",서양배
"노이도르프, 톰스 블록 모우테레 피노 누아","Neudorf, Tom's Block Moutere Pinot Noir",라스베리
"노이도르프, 톰스 블록 모우테레 피노 누아","Neudorf, Tom's Block Moutere Pinot Noir",자두
"노이도르프, 톰스 블록 모우테레 피노 누아","Neudorf, Tom's Block Moutere Pinot Noir",감초
"노이도르프, 톰스 블록 모우테레 피노 누아","Neudorf, Tom's Block Moutere Pinot Noir",블랙체리
"노이도르프, 톰스 블록 모우테레 피노 누아","Neudorf, Tom's Block Moutere Pinot Noir",정향
"노이도르프, 톰스 블록 모우테레 피노 누아","Neudorf, Tom's Block Moutere Pinot Noir",버섯
"노이도르프, 톰스 블록 모우테레 피노 누아","Neudorf, Tom's Block Moutere Pinot Noir",붉은꽃
"니콜라 로시뇰, 사비니 레 본","Nicolas Rossignol, Savigny les Beaune",흙
"니콜라 로시뇰, 사비니 레 본","Nicolas Rossignol, Savigny les Beaune",코코아
"니콜라 로시뇰, 사비니 레 본","Nicolas Rossignol, Savigny les Beaune",후추
"니콜라 로시뇰, 사비니 레 본","Nicolas Rossignol, Savigny les Beaune",자두
"니꼴라 로씨뇰, 볼네이","Nicolas Rossignol, Volnay",코코아
"니꼴라 로씨뇰, 볼네이","Nicolas Rossignol, Volnay",미네랄
"나인 햇츠, 콜롬비아 밸리 메를로",Nine Hats Columbia Valley Merlot,타바코
"나인 햇츠, 콜롬비아 밸리 메를로",Nine Hats Columbia Valley Merlot,초콜릿
"나인 햇츠, 콜롬비아 밸리 메를로",Nine Hats Columbia Valley Merlot,블랙체리
"나인 햇츠, 콜롬비아 밸리 메를로",Nine Hats Columbia Valley Merlot,리치
"나인 햇츠, 콜롬비아 밸리 메를로",Nine Hats Columbia Valley Merlot,블랙베리
"나인 햇츠, 콜롬비아 밸리 메를로",Nine Hats Columbia Valley Merlot,체리
"나인 햇츠, 콜롬비아 밸리 메를로",Nine Hats Columbia Valley Merlot,바닐라
"나인 햇츠, 콜롬비아 밸리 메를로",Nine Hats Columbia Valley Merlot,꽃
나인 햇츠 콜롬비아 밸리 시라,Nine Hats Columbia Valley Syrah,미네랄
나인 햇츠 콜롬비아 밸리 시라,Nine Hats Columbia Valley Syrah,리치
나인 햇츠 콜롬비아 밸리 시라,Nine Hats Columbia Valley Syrah,블루베리
나인 햇츠 콜롬비아 밸리 시라,Nine Hats Columbia Valley Syrah,감초
"노스스타, 콜럼비아 밸리 카베르네 소비뇽","Northstar, Columbia Valley Cabernet Sauvignon",체리
"노스스타, 콜럼비아 밸리 카베르네 소비뇽","Northstar, Columbia Valley Cabernet Sauvignon",바닐라
"노스스타, 콜럼비아 밸리 카베르네 소비뇽","Northstar, Columbia Valley Cabernet Sauvignon",초콜릿
"아웃포스트, 나파 밸리 까베르네 소비뇽","Outpost, Napa Valley Cabernet Sauvignon",삼나무
"아웃포스트, 나파 밸리 까베르네 소비뇽","Outpost, Napa Valley Cabernet Sauvignon",가죽
"아웃포스트, 나파 밸리 까베르네 소비뇽","Outpost, Napa Valley Cabernet Sauvignon",꽃
"아웃포스트, 나파 밸리 까베르네 소비뇽","Outpost, Napa Valley Cabernet Sauvignon",자두
"아웃포스트, 나파 밸리 까베르네 소비뇽","Outpost, Napa Valley Cabernet Sauvignon",체리
"패러다임, 카베르네 소비뇽 나파 밸리","Paradigm, Cabernet Sauvignon Napa Valley",체리
"패러다임, 카베르네 소비뇽 나파 밸리","Paradigm, Cabernet Sauvignon Napa Valley",오크
"패러다임, 카베르네 소비뇽 나파 밸리","Paradigm, Cabernet Sauvignon Napa Valley",자두
"펠프스 크릭, 콜럼비아 고지 피노 누아","Phelps Creek, Columbia Gorge Pinot Noir",미네랄
"파이크, 트레디셔날 리슬링","Pikes, Traditionale Riesling",라임
"피오 체사레, 바롤로","Pio Cesare, Barolo",블랙베리
"피오 체사레, 바롤로","Pio Cesare, Barolo",잼
"피오 체사레, 바롤로","Pio Cesare, Barolo",감초
"피오 체사레, 바롤로","Pio Cesare, Barolo",아몬드
"피오 체사레, 바롤로 '모스코니'","Pio Cesare, Barolo 'Mosconi'",자두
"피오 체사레, 바롤로 '모스코니'","Pio Cesare, Barolo 'Mosconi'",블랙베리
"피오 체사레, 바롤로 '모스코니'","Pio Cesare, Barolo 'Mosconi'",타바코
"플라네타, 플럼바고","Planeta, Plumbago",꽃
"플라네타, 플럼바고","Planeta, Plumbago",블랙베리
"플라네타, 플럼바고","Planeta, Plumbago",자두
"포지오 알 테소로, 카시오페아 로사토 파구스 체르바이아","Poggio al Tesoro, Cassiopea Rosato Pagus Cerbaia",꽃
"포지오 알 테소로, 솔로솔레 파구스 카밀라","Poggio al Tesoro, Solosole Pagus Camilla",꽃
"포지오 알 테소로, 솔로솔레 파구스 카밀라","Poggio al Tesoro, Solosole Pagus Camilla",리치
"폴 로저, 브뤼 리저브","Pol Roger, Brut Reserve",버섯
"폴 로저, 브뤼 리저브","Pol Roger, Brut Reserve",호두
프리스트 랜치 까베르네 쇼비뇽,Priest Ranch Cabernet Sauvignon,오크
"퀼세다 크릭, 콜럼비아 밸리 카베르네 쇼비뇽","Quilceda Creek, Columbia Valley Cabernet Sauvignon",블랙베리
"퀼세다 크릭, 콜럼비아 밸리 카베르네 쇼비뇽","Quilceda Creek, Columbia Valley Cabernet Sauvignon",미네랄
"퀼세다 크릭, 콜럼비아 밸리 카베르네 쇼비뇽","Quilceda Creek, Columbia Valley Cabernet Sauvignon",블랙커런트
"퀼세다 크릭, 콜럼비아 밸리 카베르네 쇼비뇽","Quilceda Creek, Columbia Valley Cabernet Sauvignon",타바코
"퀼세다 크릭, 콜럼비아 밸리 카베르네 쇼비뇽","Quilceda Creek, Columbia Valley Cabernet Sauvignon",말린허브
"레드헤즈 스튜디오, 문라이터스","Redheads Studio, Moonlighters",건포도
"레드헤즈 스튜디오, 문라이터스","Redheads Studio, Moonlighters",오크
"레드헤즈 스튜디오, 야드독 화이트","Redheads Studio, Yard Dog White",미네랄
"레드헤즈 스튜디오, 야드독 화이트","Redheads Studio, Yard Dog White",꽃
"레드헤즈 스튜디오, 야드독 화이트","Redheads Studio, Yard Dog White",열대과일
"레드헤즈 스튜디오, 야드독 화이트","Redheads Studio, Yard Dog White",레몬
"리파 디 소토, 진판델","Ripa di Sotto, Zinfandel",바닐라
"리파 디 소토, 진판델","Ripa di Sotto, Zinfandel",초콜릿
"로버트 몬다비, 까베르네 소비뇽 리저브","Robert Mondavi, Cabernet Sauvignon Reserve",체리
"로버트 몬다비, 샤도네이","Robert Mondavi, Chardonnay",바닐라
"로버트 몬다비, 샤도네이","Robert Mondavi, Chardonnay",꿀
"로버트 몬다비, 샤도네이","Robert Mondavi, Chardonnay",헤이즐넛
"로버트 몬다비, 샤도네이 리저브","Robert Mondavi, Chardonnay Reserve",리치
"로버트 몬다비, 샤도네이 리저브","Robert Mondavi, Chardonnay Reserve",오크
"로버트 몬다비, 샤도네이 리저브","Robert Mondavi, Chardonnay Reserve",꿀
"로버트 몬다비, 샤도네이 리저브","Robert Mondavi, Chardonnay Reserve",배
"로버트 몬다비, 샤도네이 리저브","Robert Mondavi, Chardonnay Reserve",헤이즐넛
"로버트 몬다비, 샤도네이 리저브","Robert Mondavi, Chardonnay Reserve",레몬
"로버트 몬다비, 푸메 블랑","Robert Mondavi, Fume Blanc",감귤
"로버트 몬다비, 푸메 블랑","Robert Mondavi, Fume Blanc",멜론
"로버트 몬다비, 푸메 블랑","Robert Mondavi, Fume Blanc",꿀
"로버트 몬다비, 푸메 블랑","Robert Mondavi, Fume Blanc",허브
"로버트 몬다비, 마에스트로","Robert Mondavi, Maestro",시나몬
"로버트 몬다비, 마에스트로","Robert Mondavi, Maestro",코코아
"로버트 몬다비, 마에스트로","Robert Mondavi, Maestro",자두
"로버트 몬다비, 오크빌 까베르네 소비뇽","Robert Mondavi, Oakville Cabernet Sauvignon",체리
"로버트 몬다비, 오크빌 까베르네 소비뇽","Robert Mondavi, Oakville Cabernet Sauvignon",블랙베리
"로버트 몬다비, 오크빌 까베르네 소비뇽","Robert Mondavi, Oakville Cabernet Sauvignon",제비꽃
"로버트 몬다비, 오크빌 까베르네 소비뇽","Robert Mondavi, Oakville Cabernet Sauvignon",오크
"로버트 몬다비, 오크빌 까베르네 소비뇽","Robert Mondavi, Oakville Cabernet Sauvignon",가죽
"로버트 몬다비, 오크빌 까베르네 소비뇽","Robert Mondavi, Oakville Cabernet Sauvignon",블랙체리
"로버트 몬다비, 오크빌 까베르네 소비뇽","Robert Mondavi, Oakville Cabernet Sauvignon",버섯
"로버트 몬다비, 오크빌 까베르네 소비뇽","Robert Mondavi, Oakville Cabernet Sauvignon",세이지
"로버트 몬다비, 피노 누아","Robert Mondavi, Pinot Noir",장미
"로버트 몬다비, 피노 누아","Robert Mondavi, Pinot Noir",시나몬
"로드니 스트롱, 알렉산더 크라운 까베르네 소비뇽","Rodney Strong, Alexander's Crown Cabernet Sauvignon",모카
"로드니 스트롱, 알렉산더 크라운 까베르네 소비뇽","Rodney Strong, Alexander's Crown Cabernet Sauvignon",블랙베리
"로드니 스트롱, 알렉산더 크라운 까베르네 소비뇽","Rodney Strong, Alexander's Crown Cabernet Sauvignon",허브
"로드니 스트롱, 리제르바 카베르네 소비뇽","Rodney Strong, Reserve Cabernet Sauvignon",바닐라
"로드니 스트롱, 리제르바 카베르네 소비뇽","Rodney Strong, Reserve Cabernet Sauvignon",코코아
"로드니 스트롱, 리제르바 카베르네 소비뇽","Rodney Strong, Reserve Cabernet Sauvignon",허브
"로드니스트롱, 시메트리 메리티지","Rodney Strong, Symmetry Meritage",블랙베리
"로드레 에스테이트, 콰르테 브륏","Roederer Estate, Quartet Brut",토스트
"로드레 에스테이트, 콰르테 브륏","Roederer Estate, Quartet Brut",헤이즐넛
"로드레 에스테이트, 콰르테 브륏","Roederer Estate, Quartet Brut",버터
"로드레 에스테이트, 콰르테 브륏","Roederer Estate, Quartet Brut",브리오슈
"로드레 에스테이트, 콰르테 브륏","Roederer Estate, Quartet Brut",사과
"로드레 에스테이트, 콰르테 브륏","Roederer Estate, Quartet Brut",오렌지
"로드레 에스테이트, 콰르테 브륏","Roederer Estate, Quartet Brut",꽃
"로드레 에스테이트, 콰르테 브륏","Roederer Estate, Quartet Brut",시트러스
"로드레 에스테이트, 콰르테 브륏","Roederer Estate, Quartet Brut",배
"로저 구라트, 엑스트라 브륏 그랑 리제르바 조셉 발스","Roger Goulart, Extra Brut Gran Reserva Josep Valls",토스트
"론코 디 싸시, 비노 로쏘 디 이탈리아","Ronco di Sassi, Vino Rosso D'Italia",초콜릿
"론코 디 싸시, 비노 로쏘 디 이탈리아","Ronco di Sassi, Vino Rosso D'Italia",바닐라
"로젠베일, 에스테이트 그로운 그르나슈","Rosenvale, Estate Grown Grenache",체리
"살트램, 1859 바로사 쉬라즈","Saltram, 1859 Barossa Shiraz",자두
"살트램, 1859 바로사 쉬라즈","Saltram, 1859 Barossa Shiraz",후추
"살트램, 맴레 브룩 쉬라즈","Saltram, Mamre Brook Shiraz",체리
"살트램, 맴레 브룩 쉬라즈","Saltram, Mamre Brook Shiraz",자두
"살트램, 맴레 브룩 쉬라즈","Saltram, Mamre Brook Shiraz",감초
"살트램, 맴레 브룩 쉬라즈","Saltram, Mamre Brook Shiraz",초콜릿
"살베스트린, 디알 크레인 빈야드 카베르네 소비뇽","Salvestrin, Dr Crane Vineyard Cabernet Sauvignon",체리
"살베스트린, 디알 크레인 빈야드 카베르네 소비뇽","Salvestrin, Dr Crane Vineyard Cabernet Sauvignon",초콜릿
"살베스트린, 디알 크레인 빈야드 카베르네 소비뇽","Salvestrin, Dr Crane Vineyard Cabernet Sauvignon",오렌지
"살베스트린, 디알 크레인 빈야드 카베르네 소비뇽","Salvestrin, Dr Crane Vineyard Cabernet Sauvignon",허브
사씨카이아,Sassicaia,후추
사씨카이아,Sassicaia,허브
사씨카이아,Sassicaia,가죽
사씨카이아,Sassicaia,오크
"씨 스모크, 사우싱 피노 누아","Sea Smoke, Southing Pinot Noir",미네랄
"씨 스모크, 텐 피노누아","Sea Smoke, Ten Pinot Noir",체리
"씨 스모크, 텐 피노누아","Sea Smoke, Ten Pinot Noir",리치
"씨 스모크, 텐 피노누아","Sea Smoke, Ten Pinot Noir",무화과
"세귀노 보르데, 샤블리 프리미에 크뤼 바이용","Seguinot Bordet, Chablis Premier Cru 'Vaillons'",복숭아
"세귀노 보르데, 샤블리 프리미에 크뤼 바이용","Seguinot Bordet, Chablis Premier Cru 'Vaillons'",배
"세귀노 보르데, 샤블리 프리미에 크뤼 바이용","Seguinot Bordet, Chablis Premier Cru 'Vaillons'",멜론
"세귀노 보르데, 샤블리 프리미에 크뤼 바이용","Seguinot Bordet, Chablis Premier Cru 'Vaillons'",흰꽃
"센시즈, 티에리엇 샤도네이","Senses, B.A. Thieriot Chardonnay",미네랄
"센시즈, 티에리엇 샤도네이","Senses, B.A. Thieriot Chardonnay",젖은자갈
"센시즈, 티에리엇 샤도네이","Senses, B.A. Thieriot Chardonnay",서양배
"센시즈, 티에리엇 샤도네이","Senses, B.A. Thieriot Chardonnay",브리오슈
"센시즈, 티에리엇 샤도네이","Senses, B.A. Thieriot Chardonnay",오크
"센시즈, 티에리엇 샤도네이","Senses, B.A. Thieriot Chardonnay",감귤
"센시즈, 티에리엇 샤도네이","Senses, B.A. Thieriot Chardonnay",파인애플
"센시즈, 티에리엇 샤도네이","Senses, B.A. Thieriot Chardonnay",버터
"센시즈, 티에리엇 샤도네이","Senses, B.A. Thieriot Chardonnay",분필
"센시즈, 티에리엇 샤도네이","Senses, B.A. Thieriot Chardonnay",아몬드
"센시즈, 티에리엇 샤도네이","Senses, B.A. Thieriot Chardonnay",복숭아
"센시즈, 러시안 리버 밸리 샤도네이","Senses, Russian River Valley Chardonnay",서양배
"센시즈, 러시안 리버 밸리 샤도네이","Senses, Russian River Valley Chardonnay",복숭아
"센시즈, 러시안 리버 밸리 샤도네이","Senses, Russian River Valley Chardonnay",라임
"센시즈, 러시안 리버 밸리 샤도네이","Senses, Russian River Valley Chardonnay",꽃
"센시즈, 러시안 리버 밸리 샤도네이","Senses, Russian River Valley Chardonnay",버터
"센시즈, 러시안 리버 밸리 샤도네이","Senses, Russian River Valley Chardonnay",백도
"센시즈, 러시안 리버 밸리 샤도네이","Senses, Russian River Valley Chardonnay",자몽
"센시즈, 러시안 리버 밸리 샤도네이","Senses, Russian River Valley Chardonnay",흰꽃
"센시즈, 러시안 리버 밸리 샤도네이","Senses, Russian River Valley Chardonnay",오크
"센시즈, 소노마 코스트 샤도네이","Senses, Sonoma Coast Chardonnay",아몬드
"센시즈, 소노마 코스트 샤도네이","Senses, Sonoma Coast Chardonnay",레몬
"센시즈, 소노마 코스트 샤도네이","Senses, Sonoma Coast Chardonnay",청사과
"센시즈, 소노마 코스트 샤도네이","Senses, Sonoma Coast Chardonnay",건초
"센시즈, 소노마 코스트 샤도네이","Senses, Sonoma Coast Chardonnay",삼나무
"센시즈, 소노마 코스트 샤도네이","Senses, Sonoma Coast Chardonnay",서양배
"센시즈, 소노마 코스트 샤도네이","Senses, Sonoma Coast Chardonnay",버터
"센시즈, 엘 디아블로 샤도네이","Senses, UV EL Diablo Chardonnay",꽃
"센시즈, 엘 디아블로 샤도네이","Senses, UV EL Diablo Chardonnay",비스켓
"센시즈, 엘 디아블로 샤도네이","Senses, UV EL Diablo Chardonnay",오크
"센시즈, 엘 디아블로 샤도네이","Senses, UV EL Diablo Chardonnay",구아바
"센시즈, 엘 디아블로 샤도네이","Senses, UV EL Diablo Chardonnay",흰꽃
"센시즈, 엘 디아블로 샤도네이","Senses, UV EL Diablo Chardonnay",파인애플
"센시즈, 엘 디아블로 샤도네이","Senses, UV EL Diablo Chardonnay",오렌지
"센시즈, 엘 디아블로 샤도네이","Senses, UV EL Diablo Chardonnay",사과
"세븐 힐스, 왈라 왈라 밸리 레드 와인","Seven Hills, Walla Walla Valley Red Wine",자두
"세븐 힐스, 왈라 왈라 밸리 레드 와인","Seven Hills, Walla Walla Valley Red Wine",코코아
"세븐 힐스, 왈라 왈라 밸리 레드 와인","Seven Hills, Walla Walla Valley Red Wine",딸기
"쇼테스브룩, 1337 헤리티지 시리즈 블랑 드 블랑","Shottesbrooke, 1337 Heritage series Blanc de Blancs",아몬드
"살베스트린, 카베르네 소비뇽","Silvestrin, Cabernet Sauvignon",미네랄
"살베스트린, 카베르네 소비뇽","Silvestrin, Cabernet Sauvignon",배
"스프링 마운틴 빈야드, 카베르네 소비뇽 나파 밸리","Spring Mountain Vineyard, Cabernet Sauvignon Napa Valley",라벤더
"스프링 마운틴 빈야드, 카베르네 소비뇽 나파 밸리","Spring Mountain Vineyard, Cabernet Sauvignon Napa Valley",오크
"스프링 마운틴 빈야드, 카베르네 소비뇽 나파 밸리","Spring Mountain Vineyard, Cabernet Sauvignon Napa Valley",허브
생 수페리 엘루,St-Supery ELU,자두
생 수페리 엘루,St-Supery ELU,흑연
스톤스트릿 에스테이트 빈야드 락폴 빈야드 카베르네 소비뇽,Stonestreet Estate Vineyards Rockfall Vineyard Cabernet Sauvignon,초콜릿
"설리반, 쾨르 드 비뉴 루더포드 카베르네 소비뇽","Sullivan, Coeur de Vigne Rutherford Cabernet Sauvignon",자두
"설리반, 쾨르 드 비뉴 루더포드 카베르네 소비뇽","Sullivan, Coeur de Vigne Rutherford Cabernet Sauvignon",정향
"수사나 발보 와인스, 크리오스 말벡","Susana Balbo Wines, Crios Malbec",잼
"수사나 발보 와인스, 크리오스 말벡","Susana Balbo Wines, Crios Malbec",블랙체리
"수사나 발보 와인스, 크리오스 말벡","Susana Balbo Wines, Crios Malbec",제비꽃
"수사나 발보 와인스, 크리오스 말벡","Susana Balbo Wines, Crios Malbec",시나몬
"수사나 발보 와인스, 크리오스 말벡","Susana Balbo Wines, Crios Malbec",바닐라
"수사나 발보 와인스, 크리오스 말벡","Susana Balbo Wines, Crios Malbec",체리
"수사나 발보 와인스, 크리오스 말벡","Susana Balbo Wines, Crios Malbec",블랙베리
"수사나 발보 와인스, 크리오스 말벡","Susana Balbo Wines, Crios Malbec",꽃
"수사나 발보 와인스, 크리오스 말벡","Susana Balbo Wines, Crios Malbec",블루베리
"떼땅져, 꽁뜨 드 상파뉴 블랑 드 블랑 브뤼","Taittinger, Comtes de Champagne Blanc de Blancs Brut",오크
"떼땅져, 꽁뜨 드 상파뉴 블랑 드 블랑 브뤼","Taittinger, Comtes de Champagne Blanc de Blancs Brut",꽃
"떼땅져, 꽁뜨 드 상파뉴 블랑 드 블랑 브뤼","Taittinger, Comtes de Champagne Blanc de Blancs Brut",배
"떼땅져, 꽁뜨 드 상파뉴 블랑 드 블랑 브뤼","Taittinger, Comtes de Champagne Blanc de Blancs Brut",아몬드
"떼땅져, 레 폴리 드 라 마케트리","Taittinger, Les Folies de la Marquetterie",청사과
"떼땅져, 레 폴리 드 라 마케트리","Taittinger, Les Folies de la Marquetterie",브리오슈
"떼땅져, 레 폴리 드 라 마케트리","Taittinger, Les Folies de la Marquetterie",미네랄
"떼땅져, 레 폴리 드 라 마케트리","Taittinger, Les Folies de la Marquetterie",시트러스
"떼땅져, 녹턴 시티 라이트","Taittinger, Nocturne City Light",건포도
"떼땅져, 녹턴 시티 라이트","Taittinger, Nocturne City Light",효모
"떼땅져, 녹턴 시티 라이트","Taittinger, Nocturne City Light",꽃
"떼땅져, 녹턴 시티 라이트","Taittinger, Nocturne City Light",시트러스
"떼땅져, 프렐뤼드 그랑 크뤼","Taittinger, Prelude Grands Crus",미네랄
"떼땅져, 프렐뤼드 그랑 크뤼","Taittinger, Prelude Grands Crus",꽃
"떼땅져, 프렐뤼드 그랑 크뤼","Taittinger, Prelude Grands Crus",시나몬
"떼땅져, 리저브 브뤼","Taittinger, Reserve Brut",브리오슈
"떼땅져, 리저브 브뤼","Taittinger, Reserve Brut",바닐라
"떼땅져, 리저브 브뤼","Taittinger, Reserve Brut",시트러스
"떼땅져, 리저브 브뤼","Taittinger, Reserve Brut",복숭아
"테 마타, 에스테이트 소비뇽 블랑",Te Mata. Estate Sauvignon Blanc,고수
"테 마타, 에스테이트 소비뇽 블랑",Te Mata. Estate Sauvignon Blanc,바질
"테 마타, 에스테이트 소비뇽 블랑",Te Mata. Estate Sauvignon Blanc,라임
"테 마타, 에스테이트 소비뇽 블랑",Te Mata. Estate Sauvignon Blanc,허브
"테 마타, 에스테이트 소비뇽 블랑",Te Mata. Estate Sauvignon Blanc,멜론
"테 마타, 에스테이트 소비뇽 블랑",Te Mata. Estate Sauvignon Blanc,구아바
"테 마타, 에스테이트 소비뇽 블랑",Te Mata. Estate Sauvignon Blanc,패션프루트
"테네트, GSM","Tenet, GSM",배
"테누타 산 귀도, 레 디페제","Tenuta San Guido, Le Difese",허브
"테누타 산 귀도, 레 디페제","Tenuta San Guido, Le Difese",체리
"테누타 산 안토니오, 스카이아 코르비나","Tenuta Sant' Antonio, Scaia Corvina",배
"더 힐트, 벤트록 피노누아","The hilt, Bemtrock Pinot Noir",체리
"더 힐트, 벤트록 피노누아","The hilt, Bemtrock Pinot Noir",자두
"더 힐트, 벤트록 피노누아","The hilt, Bemtrock Pinot Noir",꽃
"더 힐트, 벤트록 피노누아","The hilt, Bemtrock Pinot Noir",후추
"더 힐트, 벤트록 피노누아","The hilt, Bemtrock Pinot Noir",석류
"더 힐트, 벤트록 피노누아","The hilt, Bemtrock Pinot Noir",허브
"더 힐트, 벤트록 피노누아","The hilt, Bemtrock Pinot Noir",버섯
"더 힐트, 벤트록 피노누아","The hilt, Bemtrock Pinot Noir",로즈마리
"더 힐트, 벤트록 피노누아","The hilt, Bemtrock Pinot Noir",간장
"더 힐트, 벤트록 샤도네이","The hilt, Bentrock Chardonnay",자두
"더 힐트, 벤트록 샤도네이","The hilt, Bentrock Chardonnay",살구
"더 힐트, 벤트록 샤도네이","The hilt, Bentrock Chardonnay",아몬드
"더 힐트, 벤트록 샤도네이","The hilt, Bentrock Chardonnay",허브
"더 힐트, 벤트록 샤도네이","The hilt, Bentrock Chardonnay",오렌지
"더 힐트, 벤트록 샤도네이","The hilt, Bentrock Chardonnay",사과
"더 힐트, 벤트록 샤도네이","The hilt, Bentrock Chardonnay",라벤더
"더 힐트, 벤트록 샤도네이","The hilt, Bentrock Chardonnay",흰꽃
"더 힐트, 벤트록 샤도네이","The hilt, Bentrock Chardonnay",오크
"더 힐트, 벤트록 샤도네이","The hilt, Bentrock Chardonnay",브리오슈
"더 힐트, 벤트록 샤도네이","The hilt, Bentrock Chardonnay",서양배
"더 힐트, 이스테이트 샤도네이","The Hilt, Estate Chardonnay",오렌지
"더 힐트, 이스테이트 샤도네이","The Hilt, Estate Chardonnay",크림
"더 힐트, 이스테이트 샤도네이","The Hilt, Estate Chardonnay",버터
"더 힐트, 이스테이트 샤도네이","The Hilt, Estate Chardonnay",삼나무
"더 힐트, 이스테이트 샤도네이","The Hilt, Estate Chardonnay",황도
"더 힐트, 이스테이트 샤도네이","The Hilt, Estate Chardonnay",시트러스
"더 힐트, 이스테이트 샤도네이","The Hilt, Estate Chardonnay",복숭아
"더 힐트, 이스테이트 샤도네이","The Hilt, Estate Chardonnay",오크
"더 힐트, 이스테이트 샤도네이","The Hilt, Estate Chardonnay",비스켓
"더 힐트, 이스테이트 피노 누아","The Hilt, Estate Pinot Noir",오크
"더 힐트, 이스테이트 피노 누아","The Hilt, Estate Pinot Noir",체리
"더 힐트, 이스테이트 피노 누아","The Hilt, Estate Pinot Noir",흙
"더 힐트, 이스테이트 피노 누아","The Hilt, Estate Pinot Noir",미네랄
"더 힐트, 이스테이트 피노 누아","The Hilt, Estate Pinot Noir",장미
"더 힐트, 이스테이트 피노 누아","The Hilt, Estate Pinot Noir",허브
"더 힐트, 이스테이트 피노 누아","The Hilt, Estate Pinot Noir",딸기
"더 힐트, 이스테이트 피노 누아","The Hilt, Estate Pinot Noir",세이지
"더 힐트, 이스테이트 피노 누아","The Hilt, Estate Pinot Noir",레드커런트
"더 힐트, 라디안 샤도네이","The Hilt, Radian Chardonnay",시트러스
"더 힐트, 라디안 샤도네이","The Hilt, Radian Chardonnay",레몬그라스
"더 힐트, 라디안 샤도네이","The Hilt, Radian Chardonnay",열대과일
"더 힐트, 라디안 샤도네이","The Hilt, Radian Chardonnay",오렌지
"더 힐트, 라디안 샤도네이","The Hilt, Radian Chardonnay",허브
"더 힐트, 라디안 샤도네이","The Hilt, Radian Chardonnay",레몬
"더 힐트, 라디안 샤도네이","The Hilt, Radian Chardonnay",비스켓
"더 힐트, 라디안 샤도네이","The Hilt, Radian Chardonnay",서양배
"더 힐트, 라디안 샤도네이","The Hilt, Radian Chardonnay",캐모마일
"더 힐트, 라디안 샤도네이","The Hilt, Radian Chardonnay",꿀
"더 힐트, 라디안 피노 누아","The Hilt, Radian Pinot Noir",블랙베리
"더 힐트, 라디안 피노 누아","The Hilt, Radian Pinot Noir",자두
"더 힐트, 라디안 피노 누아","The Hilt, Radian Pinot Noir",젖은흙
"더 힐트, 라디안 피노 누아","The Hilt, Radian Pinot Noir",에스프레소
"더 힐트, 라디안 피노 누아","The Hilt, Radian Pinot Noir",낙엽
"더 힐트, 라디안 피노 누아","The Hilt, Radian Pinot Noir",홍차
"더 힐트, 라디안 피노 누아","The Hilt, Radian Pinot Noir",블랙커런트
"더 힐트, 라디안 피노 누아","The Hilt, Radian Pinot Noir",라벤더
"더 힐트, 라디안 피노 누아","The Hilt, Radian Pinot Noir",블랙체리
"더 힐트, 라디안 피노 누아","The Hilt, Radian Pinot Noir",동물
"더 힐트, 라디안 피노 누아","The Hilt, Radian Pinot Noir",민트
"더 힐트, 라디안 피노 누아","The Hilt, Radian Pinot Noir",후추
"띠에라 로하, 까베르네 쇼비뇽 오크빌","Tierra Roja, Cabernet Sauvignon Oakville",타바코
"띠에라 로하, 까베르네 쇼비뇽 오크빌","Tierra Roja, Cabernet Sauvignon Oakville",블루베리
"띠에라 로하, 까베르네 쇼비뇽 오크빌","Tierra Roja, Cabernet Sauvignon Oakville",세이지
"띠에라 로하, 까베르네 쇼비뇽 오크빌","Tierra Roja, Cabernet Sauvignon Oakville",흑연
"티나치, 아마로네 델라 발포리첼라","Tinazzi, Amarone della Valpolicella",레드커런트
"티나치, 아마로네 델라 발포리첼라","Tinazzi, Amarone della Valpolicella",크랜베리
"티나치, 아마로네 델라 발포리첼라","Tinazzi, Amarone della Valpolicella",바닐라
"티나치, 아마로네 델라 발포리첼라","Tinazzi, Amarone della Valpolicella",초콜릿
"티나치, 아마로네 델라 발포리첼라","Tinazzi, Amarone della Valpolicella",시나몬
"티나치, 아마로네 델라 발포리첼라","Tinazzi, Amarone della Valpolicella",자두
"티나치, 아마로네 델라 발포리첼라","Tinazzi, Amarone della Valpolicella",오크
"티나치, 아마로네 델라 발포리첼라","Tinazzi, Amarone della Valpolicella",말린자두
"티나치, 아마로네 델라 발포리첼라","Tinazzi, Amarone della Valpolicella",체리
"타이투스 빈야드, 카베르네 소비뇽","Titus Vineyards, Cabernet Sauvignon",감초
"타이투스 빈야드, 카베르네 소비뇽","Titus Vineyards, Cabernet Sauvignon",커피
"타이투스 빈야드, 카베르네 소비뇽","Titus Vineyards, Cabernet Sauvignon",석류
"토마스 쿠지네, 예브레","Tomas Cusine, Llebre",체리
"토마시, 아마로네 델라 발폴리첼라 클라시코","Tommasi, Amarone della Valpolicella Classico",자두
"토마시, 아마로네 델라 발폴리첼라 클라시코","Tommasi, Amarone della Valpolicella Classico",체리
"트라피체, 이스까이 말벡 까베르네 프랑","Trapiche, Iscay Malbec Cabernet Franc",꽃
"트라피체, 이스까이 말벡 까베르네 프랑","Trapiche, Iscay Malbec Cabernet Franc",오크
트리가,Triga,체리
트리가,Triga,꽃
"바글리오, 차크라 말벡","Vaglio, Chacra Malbec",블랙베리
"바글리오, 차크라 말벡","Vaglio, Chacra Malbec",배
"바글리오, 차크라 말벡","Vaglio, Chacra Malbec",먼지
"바글리오, 차크라 말벡","Vaglio, Chacra Malbec",감초
"바글리오, 차크라 말벡","Vaglio, Chacra Malbec",오크
"바글리오, 미페럴 말벡","Vaglio, MiPeral Malbec",미네랄
"발레이븐, 카베르네 소비뇽","Valravn, Cabernet Sauvignon Sonoma County",리치
"발레이븐, 카베르네 소비뇽","Valravn, Cabernet Sauvignon Sonoma County",정향
"발레이븐, 카베르네 소비뇽","Valravn, Cabernet Sauvignon Sonoma County",흑연
"발레이븐, 피노 누아","Valravn, Pinot Noir",리치
"빌라 알 코르틸레, 부르넬로 디 몬탈치노","Villa Al Cortile, Brunello di Montalcino",체리
"빌라 알 코르틸레, 부르넬로 디 몬탈치노 리제르바","Villa Al Cortile, Brunello di Montalcino Riserva",가죽
"빌라 알 코르틸레, 부르넬로 디 몬탈치노 리제르바","Villa Al Cortile, Brunello di Montalcino Riserva",배
"비냐 시겔, 지겔 싱글빈야드","Vina Siegel, SIegel Single Vineyard",블랙커런트
"비냐 시겔, 지겔 싱글빈야드","Vina Siegel, SIegel Single Vineyard",감초
"비냐 시겔, 지겔 싱글빈야드","Vina Siegel, SIegel Single Vineyard",육두구
"비냐 시겔, 지겔 싱글빈야드","Vina Siegel, SIegel Single Vineyard",블랙체리
"비냐 시겔, 지겔 싱글빈야드","Vina Siegel, SIegel Single Vineyard",삼나무
"비노 델 솔, 타사하라 피노 누아","Vino del Sol, Tassajara Pinot Noir",바닐라
"비노 델 솔, 타사하라 피노 누아","Vino del Sol, Tassajara Pinot Noir",자두
"폴렌바이더, 볼퍼 골드그루베 리슬링 슈페트레제","Vollenweider, Wolfer Goldgrube Riesling Spatlese",미네랄
"볼레로, 뀌베 마가렛","Vollereaux, Cuvee Marguerite",바닐라
"볼레로, 리저브 브뤼","Vollereaux, Reserve Brut",청사과
"볼레로, 리저브 브뤼","Vollereaux, Reserve Brut",효모
"볼레로, 리저브 브뤼","Vollereaux, Reserve Brut",레몬껍질
"볼레로, 로제 브뤼","Vollereaux, Rose Brut",꽃
발트라우드,Waltraud,꿀
발트라우드,Waltraud,레몬
"얄룸바, 에덴 밸리 비오니에","Yalumba, Eden Valley Viognier",미네랄
"얄룸바, 에덴 밸리 비오니에","Yalumba, Eden Valley Viognier",살구
"얄룸바, 에덴 밸리 비오니에","Yalumba, Eden Valley Viognier",아몬드
"얄룸바, 멘지스 카버네 소비뇽","Yalumba, Menzies Cabernet Sauvignon",모카
"얄룸바, 멘지스 카버네 소비뇽","Yalumba, Menzies Cabernet Sauvignon",감초
"얄룸바, 옥타비우스 올드 바인 쉬라즈","Yalumba, Octavius Old Vine Shiraz",체리
"얄룸바, 시그너쳐 카버네 쉬라즈","Yalumba, Signature Cabernet Shiraz",크랜베리
"얄룸바, 시그너쳐 카버네 쉬라즈","Yalumba, Signature Cabernet Shiraz",허브
"얄룸바, 시그너쳐 카버네 쉬라즈","Yalumba, Signature Cabernet Shiraz",꽃
"제트 알렉산더 브라운, 언케이지드 까베르네 쇼비뇽","Z. Alexander Brown, Uncaged Cabernet Sauvignon",체리
"제트 알렉산더 브라운, 언케이지드 레드 블랜드","Z. Alexander Brown, Uncaged Proprietary Red Blend",오크
"진트 훔브레이트, 진트","Zind Humbrecht, Zind",감귤